member_id,customer_key,unaltered_customer_key,display_name,level_id,is_deleted,a_fiscaleanneedescription,a_fiscaleanneekey,a_fiscalerootdescription,a_fiscalerootkey,a_gaziereanneedescription,a_gaziereanneekey,a_gaziererootdescription,a_gaziererootkey,a_plananneedescription,a_plananneekey,a_tempsmoisdescription,a_tempsmoiskey,a_tempssemestredescription,a_tempssemestrekey,a_tempstrimestredescription,a_tempstrimestrekey,a_fiscaleanneephase
1,20430800,20430800,Aou-2043,64930,false,,,,,,2043GY,,,,,Aou-2043,20430800,,,,2043FYQ3,
2,20210500,20210500,Mai-2021,64930,false,,,,,,2021GY,,,,,Mai-2021,20210500,,,,2021FYQ2,
3,20401000,20401000,Oct-2040,64930,false,,,,,,2040GY,,,,,Oct-2040,20401000,,,,2040FYQ4,
4,20151200,20151200,Dec-2015,64930,false,,,,,,2015GY,,,,,Dec-2015,20151200,,,,2015FYQ4,
5,20350800,20350800,Aou-2035,64930,false,,,,,,2035GY,,,,,Aou-2035,20350800,,,,2035FYQ3,
6,20311200,20311200,Dec-2031,64930,false,,,,,,2031GY,,,,,Dec-2031,20311200,,,,2031FYQ4,
7,20520600,20520600,Jun-2052,64930,false,,,,,,2052GY,,,,,Jun-2052,20520600,,,,2052FYQ2,
8,20130500,20130500,Mai-2013,64930,false,,,,,,2013GY,,,,,Mai-2013,20130500,,,,2013FYQ2,
9,20220300,20220300,Mar-2022,64930,false,,,,,,2021GY,,,,,Mar-2022,20220300,,,,2022FYQ1,
10,20161000,20161000,Oct-2016,64930,false,,,,,,2016GY,,,,,Oct-2016,20161000,,,,2016FYQ4,
11,20440600,20440600,Jun-2044,64930,false,,,,,,2044GY,,,,,Jun-2044,20440600,,,,2044FYQ2,
12,20140300,20140300,Mar-2014,64930,false,,,,,,2013GY,,,,,Mar-2014,20140300,,,,2014FYQ1,
13,20190800,20190800,Aou-2019,64930,false,,,,,,2019GY,,,,,Aou-2019,20190800,,,,2019FYQ3,
14,20540100,20540100,Jan-2054,64930,false,,,,,,2053GY,,,,,Jan-2054,20540100,,,,2054FYQ1,
15,20360600,20360600,Jun-2036,64930,false,,,,,,2036GY,,,,,Jun-2036,20360600,,,,2036FYQ2,
16,20530400,20530400,Avr-2053,64930,false,,,,,,2053GY,,,,,Avr-2053,20530400,,,,2053FYQ2,
17,20230100,20230100,Jan-2023,64930,false,,,,,,2022GY,,,,,Jan-2023,20230100,,,,2023FYQ1,
18,20270800,20270800,Aou-2027,64930,false,,,,,,2027GY,,,,,Aou-2027,20270800,,,,2027FYQ3,
19,20471100,20471100,Nov-2047,64930,false,,,,,,2047GY,,,,,Nov-2047,20471100,,,,2047FYQ4,
20,20450400,20450400,Avr-2045,64930,false,,,,,,2045GY,,,,,Avr-2045,20450400,,,,2045FYQ2,
21,20391100,20391100,Nov-2039,64930,false,,,,,,2039GY,,,,,Nov-2039,20391100,,,,2039FYQ4,
22,20551000,20551000,Oct-2055,64930,false,,,,,,2055GY,,,,,Oct-2055,20551000,,,,2055FYQ4,
23,19000000,19000000,Ante,64930,false,,,,,,1900GY,,,,,Ante,19000000,,,,1900FYQ0,
24,20280600,20280600,Jun-2028,64930,false,,,,,,2028GY,,,,,Jun-2028,20280600,,,,2028FYQ2,
25,20310100,20310100,Jan-2031,64930,false,,,,,,2030GY,,,,,Jan-2031,20310100,,,,2031FYQ1,
26,20370300,20370300,Mar-2037,64930,false,,,,,,2036GY,,,,,Mar-2037,20370300,,,,2037FYQ1,
27,20460200,20460200,Fev-2046,64930,false,,,,,,2045GY,,,,,Fev-2046,20460200,,,,2046FYQ1,
28,20241000,20241000,Oct-2024,64930,false,,,,,,2024GY,,,,,Oct-2024,20241000,,,,2024FYQ4,
29,20541200,20541200,Dec-2054,64930,false,,,,,,2054GY,,,,,Dec-2054,20541200,,,,2054FYQ4,
30,20300300,20300300,Mar-2030,64930,false,,,,,,2029GY,,,,,Mar-2030,20300300,,,,2030FYQ1,
31,20200800,20200800,Aou-2020,64930,false,,,,,,2020GY,,,,,Aou-2020,20200800,,,,2020FYQ3,
32,20290400,20290400,Avr-2029,64930,false,,,,,,2029GY,,,,,Avr-2029,20290400,,,,2029FYQ2,
33,20380100,20380100,Jan-2038,64930,false,,,,,,2037GY,,,,,Jan-2038,20380100,,,,2038FYQ1,
34,20231200,20231200,Dec-2023,64930,false,,,,,,2023GY,,,,,Dec-2023,20231200,,,,2023FYQ4,
35,20510800,20510800,Aou-2051,64930,false,,,,,,2051GY,,,,,Aou-2051,20510800,,,,2051FYQ3,
36,20430900,20430900,Sep-2043,64930,false,,,,,,2043GY,,,,,Sep-2043,20430900,,,,2043FYQ3,
37,20210600,20210600,Jun-2021,64930,false,,,,,,2021GY,,,,,Jun-2021,20210600,,,,2021FYQ2,
38,20340900,20340900,Sep-2034,64930,false,,,,,,2034GY,,,,,Sep-2034,20340900,,,,2034FYQ3,
39,20350700,20350700,Jul-2035,64930,false,,,,,,2035GY,,,,,Jul-2035,20350700,,,,2035FYQ3,
40,20241100,20241100,Nov-2024,64930,false,,,,,,2024GY,,,,,Nov-2024,20241100,,,,2024FYQ4,
41,20130400,20130400,Avr-2013,64930,false,,,,,,2013GY,,,,,Avr-2013,20130400,,,,2013FYQ2,
42,20260900,20260900,Sep-2026,64930,false,,,,,,2026GY,,,,,Sep-2026,20260900,,,,2026FYQ3,
43,20220400,20220400,Avr-2022,64930,false,,,,,,2022GY,,,,,Avr-2022,20220400,,,,2022FYQ2,
44,20520700,20520700,Jul-2052,64930,false,,,,,,2052GY,,,,,Jul-2052,20520700,,,,2052FYQ3,
45,20161100,20161100,Nov-2016,64930,false,,,,,,2016GY,,,,,Nov-2016,20161100,,,,2016FYQ4,
46,20440700,20440700,Jul-2044,64930,false,,,,,,2044GY,,,,,Jul-2044,20440700,,,,2044FYQ3,
47,20190900,20190900,Sep-2019,64930,false,,,,,,2019GY,,,,,Sep-2019,20190900,,,,2019FYQ3,
48,20140200,20140200,Fev-2014,64930,false,,,,,,2013GY,,,,,Fev-2014,20140200,,,,2014FYQ1,
49,20360500,20360500,Mai-2036,64930,false,,,,,,2036GY,,,,,Mai-2036,20360500,,,,2036FYQ2,
50,20230200,20230200,Fev-2023,64930,false,,,,,,2022GY,,,,,Fev-2023,20230200,,,,2023FYQ1,
51,20471200,20471200,Dec-2047,64930,false,,,,,,2047GY,,,,,Dec-2047,20471200,,,,2047FYQ4,
52,20530500,20530500,Mai-2053,64930,false,,,,,,2053GY,,,,,Mai-2053,20530500,,,,2053FYQ2,
53,20270700,20270700,Jul-2027,64930,false,,,,,,2027GY,,,,,Jul-2027,20270700,,,,2027FYQ3,
54,20391200,20391200,Dec-2039,64930,false,,,,,,2039GY,,,,,Dec-2039,20391200,,,,2039FYQ4,
55,20150100,20150100,Jan-2015,64930,false,,,,,,2014GY,,,,,Jan-2015,20150100,,,,2015FYQ1,
56,20450500,20450500,Mai-2045,64930,false,,,,,,2045GY,,,,,Mai-2045,20450500,,,,2045FYQ2,
57,20310200,20310200,Fev-2031,64930,false,,,,,,2030GY,,,,,Fev-2031,20310200,,,,2031FYQ1,
58,20280500,20280500,Mai-2028,64930,false,,,,,,2028GY,,,,,Mai-2028,20280500,,,,2028FYQ2,
59,20370400,20370400,Avr-2037,64930,false,,,,,,2037GY,,,,,Avr-2037,20370400,,,,2037FYQ2,
60,20200700,20200700,Jul-2020,64930,false,,,,,,2020GY,,,,,Jul-2020,20200700,,,,2020FYQ3,
61,20460300,20460300,Mar-2046,64930,false,,,,,,2045GY,,,,,Mar-2046,20460300,,,,2046FYQ1,
62,20300400,20300400,Avr-2030,64930,false,,,,,,2030GY,,,,,Avr-2030,20300400,,,,2030FYQ2,
63,20541100,20541100,Nov-2054,64930,false,,,,,,2054GY,,,,,Nov-2054,20541100,,,,2054FYQ4,
64,20290300,20290300,Mar-2029,64930,false,,,,,,2028GY,,,,,Mar-2029,20290300,,,,2029FYQ1,
65,20510900,20510900,Sep-2051,64930,false,,,,,,2051GY,,,,,Sep-2051,20510900,,,,2051FYQ3,
66,20380200,20380200,Fev-2038,64930,false,,,,,,2037GY,,,,,Fev-2038,20380200,,,,2038FYQ1,
67,20470100,20470100,Jan-2047,64930,false,,,,,,2046GY,,,,,Jan-2047,20470100,,,,2047FYQ1,
68,20210300,20210300,Mar-2021,64930,false,,,,,,2020GY,,,,,Mar-2021,20210300,,,,2021FYQ1,
69,20231000,20231000,Oct-2023,64930,false,,,,,,2023GY,,,,,Oct-2023,20231000,,,,2023FYQ4,
70,20401200,20401200,Dec-2040,64930,false,,,,,,2040GY,,,,,Dec-2040,20401200,,,,2040FYQ4,
71,20340800,20340800,Aou-2034,64930,false,,,,,,2034GY,,,,,Aou-2034,20340800,,,,2034FYQ3,
72,20550100,20550100,Jan-2055,64930,false,,,,,,2054GY,,,,,Jan-2055,20550100,,,,2055FYQ1,
73,20300500,20300500,Mai-2030,64930,false,,,,,,2030GY,,,,,Mai-2030,20300500,,,,2030FYQ2,
74,20350600,20350600,Jun-2035,64930,false,,,,,,2035GY,,,,,Jun-2035,20350600,,,,2035FYQ2,
75,20130700,20130700,Jul-2013,64930,false,,,,,,2013GY,,,,,Jul-2013,20130700,,,,2013FYQ3,
76,20140500,20140500,Mai-2014,64930,false,,,,,,2014GY,,,,,Mai-2014,20140500,,,,2014FYQ2,
77,20221200,20221200,Dec-2022,64930,false,,,,,,2022GY,,,,,Dec-2022,20221200,,,,2022FYQ4,
78,20440800,20440800,Aou-2044,64930,false,,,,,,2044GY,,,,,Aou-2044,20440800,,,,2044FYQ3,
79,20161200,20161200,Dec-2016,64930,false,,,,,,2016GY,,,,,Dec-2016,20161200,,,,2016FYQ4,
80,20490900,20490900,Sep-2049,64930,false,,,,,,2049GY,,,,,Sep-2049,20490900,,,,2049FYQ3,
81,20561000,20561000,Oct-2056,64930,false,,,,,,2056GY,,,,,Oct-2056,20561000,,,,2056FYQ4,
82,20360400,20360400,Avr-2036,64930,false,,,,,,2036GY,,,,,Avr-2036,20360400,,,,2036FYQ2,
83,20381100,20381100,Nov-2038,64930,false,,,,,,2038GY,,,,,Nov-2038,20381100,,,,2038FYQ4,
84,20150200,20150200,Fev-2015,64930,false,,,,,,2014GY,,,,,Fev-2015,20150200,,,,2015FYQ1,
85,20171000,20171000,Oct-2017,64930,false,,,,,,2017GY,,,,,Oct-2017,20171000,,,,2017FYQ4,
86,20530200,20530200,Fev-2053,64930,false,,,,,,2052GY,,,,,Fev-2053,20530200,,,,2053FYQ1,
87,20450600,20450600,Jun-2045,64930,false,,,,,,2045GY,,,,,Jun-2045,20450600,,,,2045FYQ2,
88,20551200,20551200,Dec-2055,64930,false,,,,,,2055GY,,,,,Dec-2055,20551200,,,,2055FYQ4,
89,20310300,20310300,Mar-2031,64930,false,,,,,,2030GY,,,,,Mar-2031,20310300,,,,2031FYQ1,
90,20370100,20370100,Jan-2037,64930,false,,,,,,2036GY,,,,,Jan-2037,20370100,,,,2037FYQ1,
91,20540300,20540300,Mar-2054,64930,false,,,,,,2053GY,,,,,Mar-2054,20540300,,,,2054FYQ1,
92,20280800,20280800,Aou-2028,64930,false,,,,,,2028GY,,,,,Aou-2028,20280800,,,,2028FYQ3,
93,20500800,20500800,Aou-2050,64930,false,,,,,,2050GY,,,,,Aou-2050,20500800,,,,2050FYQ3,
94,20200600,20200600,Jun-2020,64930,false,,,,,,2020GY,,,,,Jun-2020,20200600,,,,2020FYQ2,
95,20411000,20411000,Oct-2041,64930,false,,,,,,2041GY,,,,,Oct-2041,20411000,,,,2041FYQ4,
96,20520400,20520400,Avr-2052,64930,false,,,,,,2052GY,,,,,Avr-2052,20520400,,,,2052FYQ2,
97,20460400,20460400,Avr-2046,64930,false,,,,,,2046GY,,,,,Avr-2046,20460400,,,,2046FYQ2,
98,20290600,20290600,Jun-2029,64930,false,,,,,,2029GY,,,,,Jun-2029,20290600,,,,2029FYQ2,
99,20470200,20470200,Fev-2047,64930,false,,,,,,2046GY,,,,,Fev-2047,20470200,,,,2047FYQ1,
100,20210200,20210200,Fev-2021,64930,false,,,,,,2020GY,,,,,Fev-2021,20210200,,,,2021FYQ1,
101,20510600,20510600,Jun-2051,64930,false,,,,,,2051GY,,,,,Jun-2051,20510600,,,,2051FYQ2,
102,20210400,20210400,Avr-2021,64930,false,,,,,,2021GY,,,,,Avr-2021,20210400,,,,2021FYQ2,
103,20231100,20231100,Nov-2023,64930,false,,,,,,2023GY,,,,,Nov-2023,20231100,,,,2023FYQ4,
104,20340700,20340700,Jul-2034,64930,false,,,,,,2034GY,,,,,Jul-2034,20340700,,,,2034FYQ3,
105,20401100,20401100,Nov-2040,64930,false,,,,,,2040GY,,,,,Nov-2040,20401100,,,,2040FYQ4,
106,20300600,20300600,Jun-2030,64930,false,,,,,,2030GY,,,,,Jun-2030,20300600,,,,2030FYQ2,
107,20350500,20350500,Mai-2035,64930,false,,,,,,2035GY,,,,,Mai-2035,20350500,,,,2035FYQ2,
108,20520500,20520500,Mai-2052,64930,false,,,,,,2052GY,,,,,Mai-2052,20520500,,,,2052FYQ2,
109,20130600,20130600,Jun-2013,64930,false,,,,,,2013GY,,,,,Jun-2013,20130600,,,,2013FYQ2,
110,20220200,20220200,Fev-2022,64930,false,,,,,,2021GY,,,,,Fev-2022,20220200,,,,2022FYQ1,
111,20490800,20490800,Aou-2049,64930,false,,,,,,2049GY,,,,,Aou-2049,20490800,,,,2049FYQ3,
112,20440900,20440900,Sep-2044,64930,false,,,,,,2044GY,,,,,Sep-2044,20440900,,,,2044FYQ3,
113,20140400,20140400,Avr-2014,64930,false,,,,,,2014GY,,,,,Avr-2014,20140400,,,,2014FYQ2,
114,20540200,20540200,Fev-2054,64930,false,,,,,,2053GY,,,,,Fev-2054,20540200,,,,2054FYQ1,
115,20310400,20310400,Avr-2031,64930,false,,,,,,2031GY,,,,,Avr-2031,20310400,,,,2031FYQ2,
116,20360300,20360300,Mar-2036,64930,false,,,,,,2035GY,,,,,Mar-2036,20360300,,,,2036FYQ1,
117,20270900,20270900,Sep-2027,64930,false,,,,,,2027GY,,,,,Sep-2027,20270900,,,,2027FYQ3,
118,20381200,20381200,Dec-2038,64930,false,,,,,,2038GY,,,,,Dec-2038,20381200,,,,2038FYQ4,
119,20150300,20150300,Mar-2015,64930,false,,,,,,2014GY,,,,,Mar-2015,20150300,,,,2015FYQ1,
120,20391000,20391000,Oct-2039,64930,false,,,,,,2039GY,,,,,Oct-2039,20391000,,,,2039FYQ4,
121,20530300,20530300,Mar-2053,64930,false,,,,,,2052GY,,,,,Mar-2053,20530300,,,,2053FYQ1,
122,20171100,20171100,Nov-2017,64930,false,,,,,,2017GY,,,,,Nov-2017,20171100,,,,2017FYQ4,
123,20450700,20450700,Jul-2045,64930,false,,,,,,2045GY,,,,,Jul-2045,20450700,,,,2045FYQ3,
124,20551100,20551100,Nov-2055,64930,false,,,,,,2055GY,,,,,Nov-2055,20551100,,,,2055FYQ4,
125,20280700,20280700,Jul-2028,64930,false,,,,,,2028GY,,,,,Jul-2028,20280700,,,,2028FYQ3,
126,20370200,20370200,Fev-2037,64930,false,,,,,,2036GY,,,,,Fev-2037,20370200,,,,2037FYQ1,
127,20220100,20220100,Jan-2022,64930,false,,,,,,2021GY,,,,,Jan-2022,20220100,,,,2022FYQ1,
128,20200500,20200500,Mai-2020,64930,false,,,,,,2020GY,,,,,Mai-2020,20200500,,,,2020FYQ2,
129,20500900,20500900,Sep-2050,64930,false,,,,,,2050GY,,,,,Sep-2050,20500900,,,,2050FYQ3,
130,20460500,20460500,Mai-2046,64930,false,,,,,,2046GY,,,,,Mai-2046,20460500,,,,2046FYQ2,
131,20330900,20330900,Sep-2033,64930,false,,,,,,2033GY,,,,,Sep-2033,20330900,,,,2033FYQ3,
132,20160100,20160100,Jan-2016,64930,false,,,,,,2015GY,,,,,Jan-2016,20160100,,,,2016FYQ1,
133,20290500,20290500,Mai-2029,64930,false,,,,,,2029GY,,,,,Mai-2029,20290500,,,,2029FYQ2,
134,20470300,20470300,Mar-2047,64930,false,,,,,,2046GY,,,,,Mar-2047,20470300,,,,2047FYQ1,
135,20510700,20510700,Jul-2051,64930,false,,,,,,2051GY,,,,,Jul-2051,20510700,,,,2051FYQ3,
136,20531100,20531100,Nov-2053,64930,false,,,,,,2053GY,,,,,Nov-2053,20531100,,,,2053FYQ4,
137,20130900,20130900,Sep-2013,64930,false,,,,,,2013GY,,,,,Sep-2013,20130900,,,,2013FYQ3,
138,20390300,20390300,Mar-2039,64930,false,,,,,,2038GY,,,,,Mar-2039,20390300,,,,2039FYQ1,
139,20510400,20510400,Avr-2051,64930,false,,,,,,2051GY,,,,,Avr-2051,20510400,,,,2051FYQ2,
140,20430400,20430400,Avr-2043,64930,false,,,,,,2043GY,,,,,Avr-2043,20430400,,,,2043FYQ2,
141,20210900,20210900,Sep-2021,64930,false,,,,,,2021GY,,,,,Sep-2021,20210900,,,,2021FYQ3,
142,20220700,20220700,Jul-2022,64930,false,,,,,,2022GY,,,,,Jul-2022,20220700,,,,2022FYQ3,
143,20480100,20480100,Jan-2048,64930,false,,,,,,2047GY,,,,,Jan-2048,20480100,,,,2048FYQ1,
144,20500600,20500600,Jun-2050,64930,false,,,,,,2050GY,,,,,Jun-2050,20500600,,,,2050FYQ2,
145,20560900,20560900,Sep-2056,64930,false,,,,,,2056GY,,,,,Sep-2056,20560900,,,,2056FYQ3,
146,20301000,20301000,Oct-2030,64930,false,,,,,,2030GY,,,,,Oct-2030,20301000,,,,2030FYQ4,
147,20570700,20570700,Jul-2057,64930,false,,,,,,2057GY,,,,,Jul-2057,20570700,,,,2057FYQ3,
148,20440200,20440200,Fev-2044,64930,false,,,,,,2043GY,,,,,Fev-2044,20440200,,,,2044FYQ1,
149,20251200,20251200,Dec-2025,64930,false,,,,,,2025GY,,,,,Dec-2025,20251200,,,,2025FYQ4,
150,20230500,20230500,Mai-2023,64930,false,,,,,,2023GY,,,,,Mai-2023,20230500,,,,2023FYQ2,
151,20320200,20320200,Fev-2032,64930,false,,,,,,2031GY,,,,,Fev-2032,20320200,,,,2032FYQ1,
152,20140700,20140700,Jul-2014,64930,false,,,,,,2014GY,,,,,Jul-2014,20140700,,,,2014FYQ3,
153,20150400,20150400,Avr-2015,64930,false,,,,,,2015GY,,,,,Avr-2015,20150400,,,,2015FYQ2,
154,20370700,20370700,Jul-2037,64930,false,,,,,,2037GY,,,,,Jul-2037,20370700,,,,2037FYQ3,
155,20171200,20171200,Dec-2017,64930,false,,,,,,2017GY,,,,,Dec-2017,20171200,,,,2017FYQ4,
156,20240300,20240300,Mar-2024,64930,false,,,,,,2023GY,,,,,Mar-2024,20240300,,,,2024FYQ1,
157,20440100,20440100,Jan-2044,64930,false,,,,,,2043GY,,,,,Jan-2044,20440100,,,,2044FYQ1,
158,20181000,20181000,Oct-2018,64930,false,,,,,,2018GY,,,,,Oct-2018,20181000,,,,2018FYQ4,
159,20331100,20331100,Nov-2033,64930,false,,,,,,2033GY,,,,,Nov-2033,20331100,,,,2033FYQ4,
160,20481200,20481200,Dec-2048,64930,false,,,,,,2048GY,,,,,Dec-2048,20481200,,,,2048FYQ4,
161,20410900,20410900,Sep-2041,64930,false,,,,,,2041GY,,,,,Sep-2041,20410900,,,,2041FYQ3,
162,20380500,20380500,Mai-2038,64930,false,,,,,,2038GY,,,,,Mai-2038,20380500,,,,2038FYQ2,
163,20520200,20520200,Fev-2052,64930,false,,,,,,2051GY,,,,,Fev-2052,20520200,,,,2052FYQ1,
164,20160200,20160200,Fev-2016,64930,false,,,,,,2015GY,,,,,Fev-2016,20160200,,,,2016FYQ1,
165,20420700,20420700,Jul-2042,64930,false,,,,,,2042GY,,,,,Jul-2042,20420700,,,,2042FYQ3,
166,20250100,20250100,Jan-2025,64930,false,,,,,,2024GY,,,,,Jan-2025,20250100,,,,2025FYQ1,
167,20451100,20451100,Nov-2045,64930,false,,,,,,2045GY,,,,,Nov-2045,20451100,,,,2045FYQ4,
168,20491000,20491000,Oct-2049,64930,false,,,,,,2049GY,,,,,Oct-2049,20491000,,,,2049FYQ4,
169,20290800,20290800,Aou-2029,64930,false,,,,,,2029GY,,,,,Aou-2029,20290800,,,,2029FYQ3,
170,20130800,20130800,Aou-2013,64930,false,,,,,,2013GY,,,,,Aou-2013,20130800,,,,2013FYQ3,
171,20510500,20510500,Mai-2051,64930,false,,,,,,2051GY,,,,,Mai-2051,20510500,,,,2051FYQ2,
172,20531200,20531200,Dec-2053,64930,false,,,,,,2053GY,,,,,Dec-2053,20531200,,,,2053FYQ4,
173,20560800,20560800,Aou-2056,64930,false,,,,,,2056GY,,,,,Aou-2056,20560800,,,,2056FYQ3,
174,20451200,20451200,Dec-2045,64930,false,,,,,,2045GY,,,,,Dec-2045,20451200,,,,2045FYQ4,
175,20170100,20170100,Jan-2017,64930,false,,,,,,2016GY,,,,,Jan-2017,20170100,,,,2017FYQ1,
176,20430500,20430500,Mai-2043,64930,false,,,,,,2043GY,,,,,Mai-2043,20430500,,,,2043FYQ2,
177,20220800,20220800,Aou-2022,64930,false,,,,,,2022GY,,,,,Aou-2022,20220800,,,,2022FYQ3,
178,20390400,20390400,Avr-2039,64930,false,,,,,,2039GY,,,,,Avr-2039,20390400,,,,2039FYQ2,
179,20140600,20140600,Jun-2014,64930,false,,,,,,2014GY,,,,,Jun-2014,20140600,,,,2014FYQ2,
180,20570600,20570600,Jun-2057,64930,false,,,,,,2057GY,,,,,Jun-2057,20570600,,,,2057FYQ2,
181,20301100,20301100,Nov-2030,64930,false,,,,,,2030GY,,,,,Nov-2030,20301100,,,,2030FYQ4,
182,20440300,20440300,Mar-2044,64930,false,,,,,,2043GY,,,,,Mar-2044,20440300,,,,2044FYQ1,
183,20360900,20360900,Sep-2036,64930,false,,,,,,2036GY,,,,,Sep-2036,20360900,,,,2036FYQ3,
184,20230600,20230600,Jun-2023,64930,false,,,,,,2023GY,,,,,Jun-2023,20230600,,,,2023FYQ2,
185,20320100,20320100,Jan-2032,64930,false,,,,,,2031GY,,,,,Jan-2032,20320100,,,,2032FYQ1,
186,20370800,20370800,Aou-2037,64930,false,,,,,,2037GY,,,,,Aou-2037,20370800,,,,2037FYQ3,
187,20150500,20150500,Mai-2015,64930,false,,,,,,2015GY,,,,,Mai-2015,20150500,,,,2015FYQ2,
188,20450100,20450100,Jan-2045,64930,false,,,,,,2044GY,,,,,Jan-2045,20450100,,,,2045FYQ1,
189,20530100,20530100,Jan-2053,64930,false,,,,,,2052GY,,,,,Jan-2053,20530100,,,,2053FYQ1,
190,20410800,20410800,Aou-2041,64930,false,,,,,,2041GY,,,,,Aou-2041,20410800,,,,2041FYQ3,
191,20280900,20280900,Sep-2028,64930,false,,,,,,2028GY,,,,,Sep-2028,20280900,,,,2028FYQ3,
192,20181100,20181100,Nov-2018,64930,false,,,,,,2018GY,,,,,Nov-2018,20181100,,,,2018FYQ4,
193,20481100,20481100,Nov-2048,64930,false,,,,,,2048GY,,,,,Nov-2048,20481100,,,,2048FYQ4,
194,20461000,20461000,Oct-2046,64930,false,,,,,,2046GY,,,,,Oct-2046,20461000,,,,2046FYQ4,
195,20240400,20240400,Avr-2024,64930,false,,,,,,2024GY,,,,,Avr-2024,20240400,,,,2024FYQ2,
196,20331000,20331000,Oct-2033,64930,false,,,,,,2033GY,,,,,Oct-2033,20331000,,,,2033FYQ4,
197,20380600,20380600,Jun-2038,64930,false,,,,,,2038GY,,,,,Jun-2038,20380600,,,,2038FYQ2,
198,20500700,20500700,Jul-2050,64930,false,,,,,,2050GY,,,,,Jul-2050,20500700,,,,2050FYQ3,
199,20520300,20520300,Mar-2052,64930,false,,,,,,2051GY,,,,,Mar-2052,20520300,,,,2052FYQ1,
200,20160300,20160300,Mar-2016,64930,false,,,,,,2015GY,,,,,Mar-2016,20160300,,,,2016FYQ1,
201,20250200,20250200,Fev-2025,64930,false,,,,,,2024GY,,,,,Fev-2025,20250200,,,,2025FYQ1,
202,20321200,20321200,Dec-2032,64930,false,,,,,,2032GY,,,,,Dec-2032,20321200,,,,2032FYQ4,
203,20420600,20420600,Jun-2042,64930,false,,,,,,2042GY,,,,,Jun-2042,20420600,,,,2042FYQ2,
204,20290700,20290700,Jul-2029,64930,false,,,,,,2029GY,,,,,Jul-2029,20290700,,,,2029FYQ3,
205,20390100,20390100,Jan-2039,64930,false,,,,,,2038GY,,,,,Jan-2039,20390100,,,,2039FYQ1,
206,20510200,20510200,Fev-2051,64930,false,,,,,,2050GY,,,,,Fev-2051,20510200,,,,2051FYQ1,
207,20430600,20430600,Jun-2043,64930,false,,,,,,2043GY,,,,,Jun-2043,20430600,,,,2043FYQ2,
208,20210700,20210700,Jul-2021,64930,false,,,,,,2021GY,,,,,Jul-2021,20210700,,,,2021FYQ3,
209,20170200,20170200,Fev-2017,64930,false,,,,,,2016GY,,,,,Fev-2017,20170200,,,,2017FYQ1,
210,20241200,20241200,Dec-2024,64930,false,,,,,,2024GY,,,,,Dec-2024,20241200,,,,2024FYQ4,
211,20220500,20220500,Mai-2022,64930,false,,,,,,2022GY,,,,,Mai-2022,20220500,,,,2022FYQ2,
212,20500400,20500400,Avr-2050,64930,false,,,,,,2050GY,,,,,Avr-2050,20500400,,,,2050FYQ2,
213,20311000,20311000,Oct-2031,64930,false,,,,,,2031GY,,,,,Oct-2031,20311000,,,,2031FYQ4,
214,20461100,20461100,Nov-2046,64930,false,,,,,,2046GY,,,,,Nov-2046,20461100,,,,2046FYQ4,
215,20301200,20301200,Dec-2030,64930,false,,,,,,2030GY,,,,,Dec-2030,20301200,,,,2030FYQ4,
216,20360800,20360800,Aou-2036,64930,false,,,,,,2036GY,,,,,Aou-2036,20360800,,,,2036FYQ3,
217,20521100,20521100,Nov-2052,64930,false,,,,,,2052GY,,,,,Nov-2052,20521100,,,,2052FYQ4,
218,20440400,20440400,Avr-2044,64930,false,,,,,,2044GY,,,,,Avr-2044,20440400,,,,2044FYQ2,
219,20251000,20251000,Oct-2025,64930,false,,,,,,2025GY,,,,,Oct-2025,20251000,,,,2025FYQ4,
220,20140900,20140900,Sep-2014,64930,false,,,,,,2014GY,,,,,Sep-2014,20140900,,,,2014FYQ3,
221,29990000,29990000,Post,64930,false,,,,,,2999GY,,,,,Post,29990000,,,,2999FYQ0,
222,20570900,20570900,Sep-2057,64930,false,,,,,,2057GY,,,,,Sep-2057,20570900,,,,2057FYQ3,
223,20230300,20230300,Mar-2023,64930,false,,,,,,2022GY,,,,,Mar-2023,20230300,,,,2023FYQ1,
224,20450200,20450200,Fev-2045,64930,false,,,,,,2044GY,,,,,Fev-2045,20450200,,,,2045FYQ1,
225,20181200,20181200,Dec-2018,64930,false,,,,,,2018GY,,,,,Dec-2018,20181200,,,,2018FYQ4,
226,20240100,20240100,Jan-2024,64930,false,,,,,,2023GY,,,,,Jan-2024,20240100,,,,2024FYQ1,
227,20261100,20261100,Nov-2026,64930,false,,,,,,2026GY,,,,,Nov-2026,20261100,,,,2026FYQ4,
228,20150600,20150600,Jun-2015,64930,false,,,,,,2015GY,,,,,Jun-2015,20150600,,,,2015FYQ2,
229,20370500,20370500,Mai-2037,64930,false,,,,,,2037GY,,,,,Mai-2037,20370500,,,,2037FYQ2,
230,20481000,20481000,Oct-2048,64930,false,,,,,,2048GY,,,,,Oct-2048,20481000,,,,2048FYQ4,
231,20160400,20160400,Avr-2016,64930,false,,,,,,2016GY,,,,,Avr-2016,20160400,,,,2016FYQ2,
232,20541000,20541000,Oct-2054,64930,false,,,,,,2054GY,,,,,Oct-2054,20541000,,,,2054FYQ4,
233,20191000,20191000,Oct-2019,64930,false,,,,,,2019GY,,,,,Oct-2019,20191000,,,,2019FYQ4,
234,20321100,20321100,Nov-2032,64930,false,,,,,,2032GY,,,,,Nov-2032,20321100,,,,2032FYQ4,
235,20300100,20300100,Jan-2030,64930,false,,,,,,2029GY,,,,,Jan-2030,20300100,,,,2030FYQ1,
236,20420900,20420900,Sep-2042,64930,false,,,,,,2042GY,,,,,Sep-2042,20420900,,,,2042FYQ3,
237,20380300,20380300,Mar-2038,64930,false,,,,,,2037GY,,,,,Mar-2038,20380300,,,,2038FYQ1,
238,20390200,20390200,Fev-2039,64930,false,,,,,,2038GY,,,,,Fev-2039,20390200,,,,2039FYQ1,
239,20510300,20510300,Mar-2051,64930,false,,,,,,2050GY,,,,,Mar-2051,20510300,,,,2051FYQ1,
240,20430700,20430700,Jul-2043,64930,false,,,,,,2043GY,,,,,Jul-2043,20430700,,,,2043FYQ3,
241,20210800,20210800,Aou-2021,64930,false,,,,,,2021GY,,,,,Aou-2021,20210800,,,,2021FYQ3,
242,20170300,20170300,Mar-2017,64930,false,,,,,,2016GY,,,,,Mar-2017,20170300,,,,2017FYQ1,
243,20350900,20350900,Sep-2035,64930,false,,,,,,2035GY,,,,,Sep-2035,20350900,,,,2035FYQ3,
244,20531000,20531000,Oct-2053,64930,false,,,,,,2053GY,,,,,Oct-2053,20531000,,,,2053FYQ4,
245,20180100,20180100,Jan-2018,64930,false,,,,,,2017GY,,,,,Jan-2018,20180100,,,,2018FYQ1,
246,20311100,20311100,Nov-2031,64930,false,,,,,,2031GY,,,,,Nov-2031,20311100,,,,2031FYQ4,
247,20220600,20220600,Jun-2022,64930,false,,,,,,2022GY,,,,,Jun-2022,20220600,,,,2022FYQ2,
248,20500500,20500500,Mai-2050,64930,false,,,,,,2050GY,,,,,Mai-2050,20500500,,,,2050FYQ2,
249,20461200,20461200,Dec-2046,64930,false,,,,,,2046GY,,,,,Dec-2046,20461200,,,,2046FYQ4,
250,20521200,20521200,Dec-2052,64930,false,,,,,,2052GY,,,,,Dec-2052,20521200,,,,2052FYQ4,
251,20360700,20360700,Jul-2036,64930,false,,,,,,2036GY,,,,,Jul-2036,20360700,,,,2036FYQ3,
252,20440500,20440500,Mai-2044,64930,false,,,,,,2044GY,,,,,Mai-2044,20440500,,,,2044FYQ2,
253,20251100,20251100,Nov-2025,64930,false,,,,,,2025GY,,,,,Nov-2025,20251100,,,,2025FYQ4,
254,20570800,20570800,Aou-2057,64930,false,,,,,,2057GY,,,,,Aou-2057,20570800,,,,2057FYQ3,
255,20230400,20230400,Avr-2023,64930,false,,,,,,2023GY,,,,,Avr-2023,20230400,,,,2023FYQ2,
256,20140800,20140800,Aou-2014,64930,false,,,,,,2014GY,,,,,Aou-2014,20140800,,,,2014FYQ3,
257,20471000,20471000,Oct-2047,64930,false,,,,,,2047GY,,,,,Oct-2047,20471000,,,,2047FYQ4,
258,20450300,20450300,Mar-2045,64930,false,,,,,,2044GY,,,,,Mar-2045,20450300,,,,2045FYQ1,
259,20370600,20370600,Jun-2037,64930,false,,,,,,2037GY,,,,,Jun-2037,20370600,,,,2037FYQ2,
260,20240200,20240200,Fev-2024,64930,false,,,,,,2023GY,,,,,Fev-2024,20240200,,,,2024FYQ1,
261,20261000,20261000,Oct-2026,64930,false,,,,,,2026GY,,,,,Oct-2026,20261000,,,,2026FYQ4,
262,20150700,20150700,Jul-2015,64930,false,,,,,,2015GY,,,,,Jul-2015,20150700,,,,2015FYQ3,
263,20460100,20460100,Jan-2046,64930,false,,,,,,2045GY,,,,,Jan-2046,20460100,,,,2046FYQ1,
264,20520100,20520100,Jan-2052,64930,false,,,,,,2051GY,,,,,Jan-2052,20520100,,,,2052FYQ1,
265,20300200,20300200,Fev-2030,64930,false,,,,,,2029GY,,,,,Fev-2030,20300200,,,,2030FYQ1,
266,20200900,20200900,Sep-2020,64930,false,,,,,,2020GY,,,,,Sep-2020,20200900,,,,2020FYQ3,
267,20321000,20321000,Oct-2032,64930,false,,,,,,2032GY,,,,,Oct-2032,20321000,,,,2032FYQ4,
268,20160500,20160500,Mai-2016,64930,false,,,,,,2016GY,,,,,Mai-2016,20160500,,,,2016FYQ2,
269,20191100,20191100,Nov-2019,64930,false,,,,,,2019GY,,,,,Nov-2019,20191100,,,,2019FYQ4,
270,20290900,20290900,Sep-2029,64930,false,,,,,,2029GY,,,,,Sep-2029,20290900,,,,2029FYQ3,
271,20420800,20420800,Aou-2042,64930,false,,,,,,2042GY,,,,,Aou-2042,20420800,,,,2042FYQ3,
272,20380400,20380400,Avr-2038,64930,false,,,,,,2038GY,,,,,Avr-2038,20380400,,,,2038FYQ2,
273,20340200,20340200,Fev-2034,64930,false,,,,,,2033GY,,,,,Fev-2034,20340200,,,,2034FYQ1,
274,20560500,20560500,Mai-2056,64930,false,,,,,,2056GY,,,,,Mai-2056,20560500,,,,2056FYQ2,
275,20260200,20260200,Fev-2026,64930,false,,,,,,2025GY,,,,,Fev-2026,20260200,,,,2026FYQ1,
276,20420200,20420200,Fev-2042,64930,false,,,,,,2041GY,,,,,Fev-2042,20420200,,,,2042FYQ1,
277,20170400,20170400,Avr-2017,64930,false,,,,,,2017GY,,,,,Avr-2017,20170400,,,,2017FYQ2,
278,20180200,20180200,Fev-2018,64930,false,,,,,,2017GY,,,,,Fev-2018,20180200,,,,2018FYQ1,
279,20480500,20480500,Mai-2048,64930,false,,,,,,2048GY,,,,,Mai-2048,20480500,,,,2048FYQ2,
280,20500200,20500200,Fev-2050,64930,false,,,,,,2049GY,,,,,Fev-2050,20500200,,,,2050FYQ1,
281,20390700,20390700,Jul-2039,64930,false,,,,,,2039GY,,,,,Jul-2039,20390700,,,,2039FYQ3,
282,20310900,20310900,Sep-2031,64930,false,,,,,,2031GY,,,,,Sep-2031,20310900,,,,2031FYQ3,
283,20230900,20230900,Sep-2023,64930,false,,,,,,2023GY,,,,,Sep-2023,20230900,,,,2023FYQ3,
284,20410400,20410400,Avr-2041,64930,false,,,,,,2041GY,,,,,Avr-2041,20410400,,,,2041FYQ2,
285,20570300,20570300,Mar-2057,64930,false,,,,,,2056GY,,,,,Mar-2057,20570300,,,,2057FYQ1,
286,20431100,20431100,Nov-2043,64930,false,,,,,,2043GY,,,,,Nov-2043,20431100,,,,2043FYQ4,
287,20511100,20511100,Nov-2051,64930,false,,,,,,2051GY,,,,,Nov-2051,20511100,,,,2051FYQ4,
288,20400700,20400700,Jul-2040,64930,false,,,,,,2040GY,,,,,Jul-2040,20400700,,,,2040FYQ3,
289,20490300,20490300,Mar-2049,64930,false,,,,,,2048GY,,,,,Mar-2049,20490300,,,,2049FYQ1,
290,20320600,20320600,Jun-2032,64930,false,,,,,,2032GY,,,,,Jun-2032,20320600,,,,2032FYQ2,
291,20410500,20410500,Mai-2041,64930,false,,,,,,2041GY,,,,,Mai-2041,20410500,,,,2041FYQ2,
292,20240700,20240700,Jul-2024,64930,false,,,,,,2024GY,,,,,Jul-2024,20240700,,,,2024FYQ3,
293,20540900,20540900,Sep-2054,64930,false,,,,,,2054GY,,,,,Sep-2054,20540900,,,,2054FYQ3,
294,20150800,20150800,Aou-2015,64930,false,,,,,,2015GY,,,,,Aou-2015,20150800,,,,2015FYQ3,
295,20201100,20201100,Nov-2020,64930,false,,,,,,2020GY,,,,,Nov-2020,20201100,,,,2020FYQ4,
296,20351200,20351200,Dec-2035,64930,false,,,,,,2035GY,,,,,Dec-2035,20351200,,,,2035FYQ4,
297,20330400,20330400,Avr-2033,64930,false,,,,,,2033GY,,,,,Avr-2033,20330400,,,,2033FYQ2,
298,20380900,20380900,Sep-2038,64930,false,,,,,,2038GY,,,,,Sep-2038,20380900,,,,2038FYQ3,
299,20271100,20271100,Nov-2027,64930,false,,,,,,2027GY,,,,,Nov-2027,20271100,,,,2027FYQ4,
300,20470800,20470800,Aou-2047,64930,false,,,,,,2047GY,,,,,Aou-2047,20470800,,,,2047FYQ3,
301,20191200,20191200,Dec-2019,64930,false,,,,,,2019GY,,,,,Dec-2019,20191200,,,,2019FYQ4,
302,20160600,20160600,Jun-2016,64930,false,,,,,,2016GY,,,,,Jun-2016,20160600,,,,2016FYQ2,
303,20361000,20361000,Oct-2036,64930,false,,,,,,2036GY,,,,,Oct-2036,20361000,,,,2036FYQ4,
304,20550700,20550700,Jul-2055,64930,false,,,,,,2055GY,,,,,Jul-2055,20550700,,,,2055FYQ3,
305,20250500,20250500,Mai-2025,64930,false,,,,,,2025GY,,,,,Mai-2025,20250500,,,,2025FYQ2,
306,20340100,20340100,Jan-2034,64930,false,,,,,,2033GY,,,,,Jan-2034,20340100,,,,2034FYQ1,
307,20260100,20260100,Jan-2026,64930,false,,,,,,2025GY,,,,,Jan-2026,20260100,,,,2026FYQ1,
308,20420100,20420100,Jan-2042,64930,false,,,,,,2041GY,,,,,Jan-2042,20420100,,,,2042FYQ1,
309,20510100,20510100,Jan-2051,64930,false,,,,,,2050GY,,,,,Jan-2051,20510100,,,,2051FYQ1,
310,20560400,20560400,Avr-2056,64930,false,,,,,,2056GY,,,,,Avr-2056,20560400,,,,2056FYQ2,
311,20180300,20180300,Mar-2018,64930,false,,,,,,2017GY,,,,,Mar-2018,20180300,,,,2018FYQ1,
312,20170500,20170500,Mai-2017,64930,false,,,,,,2017GY,,,,,Mai-2017,20170500,,,,2017FYQ2,
313,20441000,20441000,Oct-2044,64930,false,,,,,,2044GY,,,,,Oct-2044,20441000,,,,2044FYQ4,
314,20390800,20390800,Aou-2039,64930,false,,,,,,2039GY,,,,,Aou-2039,20390800,,,,2039FYQ3,
315,20480400,20480400,Avr-2048,64930,false,,,,,,2048GY,,,,,Avr-2048,20480400,,,,2048FYQ2,
316,20500300,20500300,Mar-2050,64930,false,,,,,,2049GY,,,,,Mar-2050,20500300,,,,2050FYQ1,
317,20351000,20351000,Oct-2035,64930,false,,,,,,2035GY,,,,,Oct-2035,20351000,,,,2035FYQ4,
318,20410300,20410300,Mar-2041,64930,false,,,,,,2040GY,,,,,Mar-2041,20410300,,,,2041FYQ1,
319,20521000,20521000,Oct-2052,64930,false,,,,,,2052GY,,,,,Oct-2052,20521000,,,,2052FYQ4,
320,20570200,20570200,Fev-2057,64930,false,,,,,,2056GY,,,,,Fev-2057,20570200,,,,2057FYQ1,
321,20431200,20431200,Dec-2043,64930,false,,,,,,2043GY,,,,,Dec-2043,20431200,,,,2043FYQ4,
322,20190100,20190100,Jan-2019,64930,false,,,,,,2018GY,,,,,Jan-2019,20190100,,,,2019FYQ1,
323,20511200,20511200,Dec-2051,64930,false,,,,,,2051GY,,,,,Dec-2051,20511200,,,,2051FYQ4,
324,20400600,20400600,Jun-2040,64930,false,,,,,,2040GY,,,,,Jun-2040,20400600,,,,2040FYQ2,
325,20490200,20490200,Fev-2049,64930,false,,,,,,2048GY,,,,,Fev-2049,20490200,,,,2049FYQ1,
326,20240800,20240800,Aou-2024,64930,false,,,,,,2024GY,,,,,Aou-2024,20240800,,,,2024FYQ3,
327,20400500,20400500,Mai-2040,64930,false,,,,,,2040GY,,,,,Mai-2040,20400500,,,,2040FYQ2,
328,20320500,20320500,Mai-2032,64930,false,,,,,,2032GY,,,,,Mai-2032,20320500,,,,2032FYQ2,
329,20201000,20201000,Oct-2020,64930,false,,,,,,2020GY,,,,,Oct-2020,20201000,,,,2020FYQ4,
330,20261200,20261200,Dec-2026,64930,false,,,,,,2026GY,,,,,Dec-2026,20261200,,,,2026FYQ4,
331,20351100,20351100,Nov-2035,64930,false,,,,,,2035GY,,,,,Nov-2035,20351100,,,,2035FYQ4,
332,20150900,20150900,Sep-2015,64930,false,,,,,,2015GY,,,,,Sep-2015,20150900,,,,2015FYQ3,
333,20540800,20540800,Aou-2054,64930,false,,,,,,2054GY,,,,,Aou-2054,20540800,,,,2054FYQ3,
334,20330300,20330300,Mar-2033,64930,false,,,,,,2032GY,,,,,Mar-2033,20330300,,,,2033FYQ1,
335,20271000,20271000,Oct-2027,64930,false,,,,,,2027GY,,,,,Oct-2027,20271000,,,,2027FYQ4,
336,20470900,20470900,Sep-2047,64930,false,,,,,,2047GY,,,,,Sep-2047,20470900,,,,2047FYQ3,
337,20160700,20160700,Jul-2016,64930,false,,,,,,2016GY,,,,,Jul-2016,20160700,,,,2016FYQ3,
338,20550600,20550600,Jun-2055,64930,false,,,,,,2055GY,,,,,Jun-2055,20550600,,,,2055FYQ2,
339,20250600,20250600,Jun-2025,64930,false,,,,,,2025GY,,,,,Jun-2025,20250600,,,,2025FYQ2,
340,20281100,20281100,Nov-2028,64930,false,,,,,,2028GY,,,,,Nov-2028,20281100,,,,2028FYQ4,
341,20560700,20560700,Jul-2056,64930,false,,,,,,2056GY,,,,,Jul-2056,20560700,,,,2056FYQ3,
342,20260400,20260400,Avr-2026,64930,false,,,,,,2026GY,,,,,Avr-2026,20260400,,,,2026FYQ2,
343,20180400,20180400,Avr-2018,64930,false,,,,,,2018GY,,,,,Avr-2018,20180400,,,,2018FYQ2,
344,20220900,20220900,Sep-2022,64930,false,,,,,,2022GY,,,,,Sep-2022,20220900,,,,2022FYQ3,
345,20480300,20480300,Mar-2048,64930,false,,,,,,2047GY,,,,,Mar-2048,20480300,,,,2048FYQ1,
346,20170600,20170600,Jun-2017,64930,false,,,,,,2017GY,,,,,Jun-2017,20170600,,,,2017FYQ2,
347,20441100,20441100,Nov-2044,64930,false,,,,,,2044GY,,,,,Nov-2044,20441100,,,,2044FYQ4,
348,20390500,20390500,Mai-2039,64930,false,,,,,,2039GY,,,,,Mai-2039,20390500,,,,2039FYQ2,
349,20270200,20270200,Fev-2027,64930,false,,,,,,2026GY,,,,,Fev-2027,20270200,,,,2027FYQ1,
350,20570500,20570500,Mai-2057,64930,false,,,,,,2057GY,,,,,Mai-2057,20570500,,,,2057FYQ2,
351,20190200,20190200,Fev-2019,64930,false,,,,,,2018GY,,,,,Fev-2019,20190200,,,,2019FYQ1,
352,20131000,20131000,Oct-2013,64930,false,,,,,,2013GY,,,,,Oct-2013,20131000,,,,2013FYQ4,
353,20230700,20230700,Jul-2023,64930,false,,,,,,2023GY,,,,,Jul-2023,20230700,,,,2023FYQ3,
354,20341100,20341100,Nov-2034,64930,false,,,,,,2034GY,,,,,Nov-2034,20341100,,,,2034FYQ4,
355,20400900,20400900,Sep-2040,64930,false,,,,,,2040GY,,,,,Sep-2040,20400900,,,,2040FYQ3,
356,20490100,20490100,Jan-2049,64930,false,,,,,,2048GY,,,,,Jan-2049,20490100,,,,2049FYQ1,
357,20341200,20341200,Dec-2034,64930,false,,,,,,2034GY,,,,,Dec-2034,20341200,,,,2034FYQ4,
358,20370900,20370900,Sep-2037,64930,false,,,,,,2037GY,,,,,Sep-2037,20370900,,,,2037FYQ3,
359,20320400,20320400,Avr-2032,64930,false,,,,,,2032GY,,,,,Avr-2032,20320400,,,,2032FYQ2,
360,20131100,20131100,Nov-2013,64930,false,,,,,,2013GY,,,,,Nov-2013,20131100,,,,2013FYQ4,
361,20410700,20410700,Jul-2041,64930,false,,,,,,2041GY,,,,,Jul-2041,20410700,,,,2041FYQ3,
362,20501100,20501100,Nov-2050,64930,false,,,,,,2050GY,,,,,Nov-2050,20501100,,,,2050FYQ4,
363,20240500,20240500,Mai-2024,64930,false,,,,,,2024GY,,,,,Mai-2024,20240500,,,,2024FYQ2,
364,20330200,20330200,Fev-2033,64930,false,,,,,,2032GY,,,,,Fev-2033,20330200,,,,2033FYQ1,
365,20380700,20380700,Jul-2038,64930,false,,,,,,2038GY,,,,,Jul-2038,20380700,,,,2038FYQ3,
366,20420500,20420500,Mai-2042,64930,false,,,,,,2042GY,,,,,Mai-2042,20420500,,,,2042FYQ2,
367,20491200,20491200,Dec-2049,64930,false,,,,,,2049GY,,,,,Dec-2049,20491200,,,,2049FYQ4,
368,20160800,20160800,Aou-2016,64930,false,,,,,,2016GY,,,,,Aou-2016,20160800,,,,2016FYQ3,
369,20430100,20430100,Jan-2043,64930,false,,,,,,2042GY,,,,,Jan-2043,20430100,,,,2043FYQ1,
370,20250300,20250300,Mar-2025,64930,false,,,,,,2024GY,,,,,Mar-2025,20250300,,,,2025FYQ1,
371,20550900,20550900,Sep-2055,64930,false,,,,,,2055GY,,,,,Sep-2055,20550900,,,,2055FYQ3,
372,20260300,20260300,Mar-2026,64930,false,,,,,,2025GY,,,,,Mar-2026,20260300,,,,2026FYQ1,
373,20560600,20560600,Jun-2056,64930,false,,,,,,2056GY,,,,,Jun-2056,20560600,,,,2056FYQ2,
374,20180500,20180500,Mai-2018,64930,false,,,,,,2018GY,,,,,Mai-2018,20180500,,,,2018FYQ2,
375,20420300,20420300,Mar-2042,64930,false,,,,,,2041GY,,,,,Mar-2042,20420300,,,,2042FYQ1,
376,20281000,20281000,Oct-2028,64930,false,,,,,,2028GY,,,,,Oct-2028,20281000,,,,2028FYQ4,
377,20430300,20430300,Mar-2043,64930,false,,,,,,2042GY,,,,,Mar-2043,20430300,,,,2043FYQ1,
378,20480200,20480200,Fev-2048,64930,false,,,,,,2047GY,,,,,Fev-2048,20480200,,,,2048FYQ1,
379,20170700,20170700,Jul-2017,64930,false,,,,,,2017GY,,,,,Jul-2017,20170700,,,,2017FYQ3,
380,20441200,20441200,Dec-2044,64930,false,,,,,,2044GY,,,,,Dec-2044,20441200,,,,2044FYQ4,
381,20500100,20500100,Jan-2050,64930,false,,,,,,2049GY,,,,,Jan-2050,20500100,,,,2050FYQ1,
382,20390600,20390600,Jun-2039,64930,false,,,,,,2039GY,,,,,Jun-2039,20390600,,,,2039FYQ2,
383,20330100,20330100,Jan-2033,64930,false,,,,,,2032GY,,,,,Jan-2033,20330100,,,,2033FYQ1,
384,20570400,20570400,Avr-2057,64930,false,,,,,,2057GY,,,,,Avr-2057,20570400,,,,2057FYQ2,
385,20270100,20270100,Jan-2027,64930,false,,,,,,2026GY,,,,,Jan-2027,20270100,,,,2027FYQ1,
386,20190300,20190300,Mar-2019,64930,false,,,,,,2018GY,,,,,Mar-2019,20190300,,,,2019FYQ1,
387,20511000,20511000,Oct-2051,64930,false,,,,,,2051GY,,,,,Oct-2051,20511000,,,,2051FYQ4,
388,20230800,20230800,Aou-2023,64930,false,,,,,,2023GY,,,,,Aou-2023,20230800,,,,2023FYQ3,
389,20341000,20341000,Oct-2034,64930,false,,,,,,2034GY,,,,,Oct-2034,20341000,,,,2034FYQ4,
390,20400800,20400800,Aou-2040,64930,false,,,,,,2040GY,,,,,Aou-2040,20400800,,,,2040FYQ3,
391,20320300,20320300,Mar-2032,64930,false,,,,,,2031GY,,,,,Mar-2032,20320300,,,,2032FYQ1,
392,20501200,20501200,Dec-2050,64930,false,,,,,,2050GY,,,,,Dec-2050,20501200,,,,2050FYQ4,
393,20410600,20410600,Jun-2041,64930,false,,,,,,2041GY,,,,,Jun-2041,20410600,,,,2041FYQ2,
394,20240600,20240600,Jun-2024,64930,false,,,,,,2024GY,,,,,Jun-2024,20240600,,,,2024FYQ2,
395,20331200,20331200,Dec-2033,64930,false,,,,,,2033GY,,,,,Dec-2033,20331200,,,,2033FYQ4,
396,20271200,20271200,Dec-2027,64930,false,,,,,,2027GY,,,,,Dec-2027,20271200,,,,2027FYQ4,
397,20380800,20380800,Aou-2038,64930,false,,,,,,2038GY,,,,,Aou-2038,20380800,,,,2038FYQ3,
398,20430200,20430200,Fev-2043,64930,false,,,,,,2042GY,,,,,Fev-2043,20430200,,,,2043FYQ1,
399,20420400,20420400,Avr-2042,64930,false,,,,,,2042GY,,,,,Avr-2042,20420400,,,,2042FYQ2,
400,20250400,20250400,Avr-2025,64930,false,,,,,,2025GY,,,,,Avr-2025,20250400,,,,2025FYQ2,
401,20451000,20451000,Oct-2045,64930,false,,,,,,2045GY,,,,,Oct-2045,20451000,,,,2045FYQ4,
402,20160900,20160900,Sep-2016,64930,false,,,,,,2016GY,,,,,Sep-2016,20160900,,,,2016FYQ3,
403,20550800,20550800,Aou-2055,64930,false,,,,,,2055GY,,,,,Aou-2055,20550800,,,,2055FYQ3,
404,20491100,20491100,Nov-2049,64930,false,,,,,,2049GY,,,,,Nov-2049,20491100,,,,2049FYQ4,
405,20180600,20180600,Jun-2018,64930,false,,,,,,2018GY,,,,,Jun-2018,20180600,,,,2018FYQ2,
406,20340600,20340600,Jun-2034,64930,false,,,,,,2034GY,,,,,Jun-2034,20340600,,,,2034FYQ2,
407,20480900,20480900,Sep-2048,64930,false,,,,,,2048GY,,,,,Sep-2048,20480900,,,,2048FYQ3,
408,20560100,20560100,Jan-2056,64930,false,,,,,,2055GY,,,,,Jan-2056,20560100,,,,2056FYQ1,
409,20130100,20130100,Jan-2013,64930,false,,,,,,2012GY,,,,,Jan-2013,20130100,,,,2013FYQ1,
410,20371100,20371100,Nov-2037,64930,false,,,,,,2037GY,,,,,Nov-2037,20371100,,,,2037FYQ4,
411,20300700,20300700,Jul-2030,64930,false,,,,,,2030GY,,,,,Jul-2030,20300700,,,,2030FYQ3,
412,20350400,20350400,Avr-2035,64930,false,,,,,,2035GY,,,,,Avr-2035,20350400,,,,2035FYQ2,
413,20571000,20571000,Oct-2057,64930,false,,,,,,2057GY,,,,,Oct-2057,20571000,,,,2057FYQ4,
414,20200300,20200300,Mar-2020,64930,false,,,,,,2019GY,,,,,Mar-2020,20200300,,,,2020FYQ1,
415,20170800,20170800,Aou-2017,64930,false,,,,,,2017GY,,,,,Aou-2017,20170800,,,,2017FYQ3,
416,20260600,20260600,Jun-2026,64930,false,,,,,,2026GY,,,,,Jun-2026,20260600,,,,2026FYQ2,
417,20490700,20490700,Jul-2049,64930,false,,,,,,2049GY,,,,,Jul-2049,20490700,,,,2049FYQ3,
418,20221000,20221000,Oct-2022,64930,false,,,,,,2022GY,,,,,Oct-2022,20221000,,,,2022FYQ4,
419,20270400,20270400,Avr-2027,64930,false,,,,,,2027GY,,,,,Avr-2027,20270400,,,,2027FYQ2,
420,20190400,20190400,Avr-2019,64930,false,,,,,,2019GY,,,,,Avr-2019,20190400,,,,2019FYQ2,
421,20291100,20291100,Nov-2029,64930,false,,,,,,2029GY,,,,,Nov-2029,20291100,,,,2029FYQ4,
422,20310500,20310500,Mai-2031,64930,false,,,,,,2031GY,,,,,Mai-2031,20310500,,,,2031FYQ2,
423,20530800,20530800,Aou-2053,64930,false,,,,,,2053GY,,,,,Aou-2053,20530800,,,,2053FYQ3,
424,20211200,20211200,Dec-2021,64930,false,,,,,,2021GY,,,,,Dec-2021,20211200,,,,2021FYQ4,
425,20360200,20360200,Fev-2036,64930,false,,,,,,2035GY,,,,,Fev-2036,20360200,,,,2036FYQ1,
426,20400200,20400200,Fev-2040,64930,false,,,,,,2039GY,,,,,Fev-2040,20400200,,,,2040FYQ1,
427,20421000,20421000,Oct-2042,64930,false,,,,,,2042GY,,,,,Oct-2042,20421000,,,,2042FYQ4,
428,20450800,20450800,Aou-2045,64930,false,,,,,,2045GY,,,,,Aou-2045,20450800,,,,2045FYQ3,
429,20280200,20280200,Fev-2028,64930,false,,,,,,2027GY,,,,,Fev-2028,20280200,,,,2028FYQ1,
430,20540500,20540500,Mai-2054,64930,false,,,,,,2054GY,,,,,Mai-2054,20540500,,,,2054FYQ2,
431,20200400,20200400,Avr-2020,64930,false,,,,,,2020GY,,,,,Avr-2020,20200400,,,,2020FYQ2,
432,20250900,20250900,Sep-2025,64930,false,,,,,,2025GY,,,,,Sep-2025,20250900,,,,2025FYQ3,
433,20330800,20330800,Aou-2033,64930,false,,,,,,2033GY,,,,,Aou-2033,20330800,,,,2033FYQ3,
434,20571100,20571100,Nov-2057,64930,false,,,,,,2057GY,,,,,Nov-2057,20571100,,,,2057FYQ4,
435,20141100,20141100,Nov-2014,64930,false,,,,,,2014GY,,,,,Nov-2014,20141100,,,,2014FYQ4,
436,20411200,20411200,Dec-2041,64930,false,,,,,,2041GY,,,,,Dec-2041,20411200,,,,2041FYQ4,
437,20460600,20460600,Jun-2046,64930,false,,,,,,2046GY,,,,,Jun-2046,20460600,,,,2046FYQ2,
438,20550300,20550300,Mar-2055,64930,false,,,,,,2054GY,,,,,Mar-2055,20550300,,,,2055FYQ1,
439,20470400,20470400,Avr-2047,64930,false,,,,,,2047GY,,,,,Avr-2047,20470400,,,,2047FYQ2,
440,20260500,20260500,Mai-2026,64930,false,,,,,,2026GY,,,,,Mai-2026,20260500,,,,2026FYQ2,
441,20281200,20281200,Dec-2028,64930,false,,,,,,2028GY,,,,,Dec-2028,20281200,,,,2028FYQ4,
442,20180700,20180700,Jul-2018,64930,false,,,,,,2018GY,,,,,Jul-2018,20180700,,,,2018FYQ3,
443,20340500,20340500,Mai-2034,64930,false,,,,,,2034GY,,,,,Mai-2034,20340500,,,,2034FYQ2,
444,20480800,20480800,Aou-2048,64930,false,,,,,,2048GY,,,,,Aou-2048,20480800,,,,2048FYQ3,
445,20371200,20371200,Dec-2037,64930,false,,,,,,2037GY,,,,,Dec-2037,20371200,,,,2037FYQ4,
446,20300800,20300800,Aou-2030,64930,false,,,,,,2030GY,,,,,Aou-2030,20300800,,,,2030FYQ3,
447,20170900,20170900,Sep-2017,64930,false,,,,,,2017GY,,,,,Sep-2017,20170900,,,,2017FYQ3,
448,20200200,20200200,Fev-2020,64930,false,,,,,,2019GY,,,,,Fev-2020,20200200,,,,2020FYQ1,
449,20350300,20350300,Mar-2035,64930,false,,,,,,2034GY,,,,,Mar-2035,20350300,,,,2035FYQ1,
450,20221100,20221100,Nov-2022,64930,false,,,,,,2022GY,,,,,Nov-2022,20221100,,,,2022FYQ4,
451,20490600,20490600,Jun-2049,64930,false,,,,,,2049GY,,,,,Jun-2049,20490600,,,,2049FYQ2,
452,20270300,20270300,Mar-2027,64930,false,,,,,,2026GY,,,,,Mar-2027,20270300,,,,2027FYQ1,
453,20310600,20310600,Jun-2031,64930,false,,,,,,2031GY,,,,,Jun-2031,20310600,,,,2031FYQ2,
454,20190500,20190500,Mai-2019,64930,false,,,,,,2019GY,,,,,Mai-2019,20190500,,,,2019FYQ2,
455,20291000,20291000,Oct-2029,64930,false,,,,,,2029GY,,,,,Oct-2029,20291000,,,,2029FYQ4,
456,20530900,20530900,Sep-2053,64930,false,,,,,,2053GY,,,,,Sep-2053,20530900,,,,2053FYQ3,
457,20561100,20561100,Nov-2056,64930,false,,,,,,2056GY,,,,,Nov-2056,20561100,,,,2056FYQ4,
458,20381000,20381000,Oct-2038,64930,false,,,,,,2038GY,,,,,Oct-2038,20381000,,,,2038FYQ4,
459,20360100,20360100,Jan-2036,64930,false,,,,,,2035GY,,,,,Jan-2036,20360100,,,,2036FYQ1,
460,20320900,20320900,Sep-2032,64930,false,,,,,,2032GY,,,,,Sep-2032,20320900,,,,2032FYQ3,
461,20280100,20280100,Jan-2028,64930,false,,,,,,2027GY,,,,,Jan-2028,20280100,,,,2028FYQ1,
462,20561200,20561200,Dec-2056,64930,false,,,,,,2056GY,,,,,Dec-2056,20561200,,,,2056FYQ4,
463,20400100,20400100,Jan-2040,64930,false,,,,,,2039GY,,,,,Jan-2040,20400100,,,,2040FYQ1,
464,20131200,20131200,Dec-2013,64930,false,,,,,,2013GY,,,,,Dec-2013,20131200,,,,2013FYQ4,
465,20501000,20501000,Oct-2050,64930,false,,,,,,2050GY,,,,,Oct-2050,20501000,,,,2050FYQ4,
466,20450900,20450900,Sep-2045,64930,false,,,,,,2045GY,,,,,Sep-2045,20450900,,,,2045FYQ3,
467,20540400,20540400,Avr-2054,64930,false,,,,,,2054GY,,,,,Avr-2054,20540400,,,,2054FYQ2,
468,20411100,20411100,Nov-2041,64930,false,,,,,,2041GY,,,,,Nov-2041,20411100,,,,2041FYQ4,
469,20460700,20460700,Jul-2046,64930,false,,,,,,2046GY,,,,,Jul-2046,20460700,,,,2046FYQ3,
470,20141000,20141000,Oct-2014,64930,false,,,,,,2014GY,,,,,Oct-2014,20141000,,,,2014FYQ4,
471,20330700,20330700,Jul-2033,64930,false,,,,,,2033GY,,,,,Jul-2033,20330700,,,,2033FYQ3,
472,20550200,20550200,Fev-2055,64930,false,,,,,,2054GY,,,,,Fev-2055,20550200,,,,2055FYQ1,
473,20470500,20470500,Mai-2047,64930,false,,,,,,2047GY,,,,,Mai-2047,20470500,,,,2047FYQ2,
474,20210100,20210100,Jan-2021,64930,false,,,,,,2020GY,,,,,Jan-2021,20210100,,,,2021FYQ1,
475,20180800,20180800,Aou-2018,64930,false,,,,,,2018GY,,,,,Aou-2018,20180800,,,,2018FYQ3,
476,20340400,20340400,Avr-2034,64930,false,,,,,,2034GY,,,,,Avr-2034,20340400,,,,2034FYQ2,
477,20151000,20151000,Oct-2015,64930,false,,,,,,2015GY,,,,,Oct-2015,20151000,,,,2015FYQ4,
478,20480700,20480700,Jul-2048,64930,false,,,,,,2048GY,,,,,Jul-2048,20480700,,,,2048FYQ3,
479,20560300,20560300,Mar-2056,64930,false,,,,,,2055GY,,,,,Mar-2056,20560300,,,,2056FYQ1,
480,20130300,20130300,Mar-2013,64930,false,,,,,,2012GY,,,,,Mar-2013,20130300,,,,2013FYQ1,
481,20390900,20390900,Sep-2039,64930,false,,,,,,2039GY,,,,,Sep-2039,20390900,,,,2039FYQ3,
482,20300900,20300900,Sep-2030,64930,false,,,,,,2030GY,,,,,Sep-2030,20300900,,,,2030FYQ3,
483,20350200,20350200,Fev-2035,64930,false,,,,,,2034GY,,,,,Fev-2035,20350200,,,,2035FYQ1,
484,20260800,20260800,Aou-2026,64930,false,,,,,,2026GY,,,,,Aou-2026,20260800,,,,2026FYQ3,
485,20200100,20200100,Jan-2020,64930,false,,,,,,2019GY,,,,,Jan-2020,20200100,,,,2020FYQ1,
486,20520800,20520800,Aou-2052,64930,false,,,,,,2052GY,,,,,Aou-2052,20520800,,,,2052FYQ3,
487,20190600,20190600,Jun-2019,64930,false,,,,,,2019GY,,,,,Jun-2019,20190600,,,,2019FYQ2,
488,20490500,20490500,Mai-2049,64930,false,,,,,,2049GY,,,,,Mai-2049,20490500,,,,2049FYQ2,
489,20140100,20140100,Jan-2014,64930,false,,,,,,2013GY,,,,,Jan-2014,20140100,,,,2014FYQ1,
490,20310700,20310700,Jul-2031,64930,false,,,,,,2031GY,,,,,Jul-2031,20310700,,,,2031FYQ3,
491,20570100,20570100,Jan-2057,64930,false,,,,,,2056GY,,,,,Jan-2057,20570100,,,,2057FYQ1,
492,20410200,20410200,Fev-2041,64930,false,,,,,,2040GY,,,,,Fev-2041,20410200,,,,2041FYQ1,
493,20270600,20270600,Jun-2027,64930,false,,,,,,2027GY,,,,,Jun-2027,20270600,,,,2027FYQ2,
494,20211000,20211000,Oct-2021,64930,false,,,,,,2021GY,,,,,Oct-2021,20211000,,,,2021FYQ4,
495,20530600,20530600,Jun-2053,64930,false,,,,,,2053GY,,,,,Jun-2053,20530600,,,,2053FYQ2,
496,20320800,20320800,Aou-2032,64930,false,,,,,,2032GY,,,,,Aou-2032,20320800,,,,2032FYQ3,
497,20240900,20240900,Sep-2024,64930,false,,,,,,2024GY,,,,,Sep-2024,20240900,,,,2024FYQ3,
498,20400400,20400400,Avr-2040,64930,false,,,,,,2040GY,,,,,Avr-2040,20400400,,,,2040FYQ2,
499,20421200,20421200,Dec-2042,64930,false,,,,,,2042GY,,,,,Dec-2042,20421200,,,,2042FYQ4,
500,20280400,20280400,Avr-2028,64930,false,,,,,,2028GY,,,,,Avr-2028,20280400,,,,2028FYQ2,
501,20540700,20540700,Jul-2054,64930,false,,,,,,2054GY,,,,,Jul-2054,20540700,,,,2054FYQ3,
502,20250700,20250700,Jul-2025,64930,false,,,,,,2025GY,,,,,Jul-2025,20250700,,,,2025FYQ3,
503,20290200,20290200,Fev-2029,64930,false,,,,,,2028GY,,,,,Fev-2029,20290200,,,,2029FYQ1,
504,20330600,20330600,Jun-2033,64930,false,,,,,,2033GY,,,,,Jun-2033,20330600,,,,2033FYQ2,
505,20470600,20470600,Jun-2047,64930,false,,,,,,2047GY,,,,,Jun-2047,20470600,,,,2047FYQ2,
506,20460800,20460800,Aou-2046,64930,false,,,,,,2046GY,,,,,Aou-2046,20460800,,,,2046FYQ3,
507,20550500,20550500,Mai-2055,64930,false,,,,,,2055GY,,,,,Mai-2055,20550500,,,,2055FYQ2,
508,20361200,20361200,Dec-2036,64930,false,,,,,,2036GY,,,,,Dec-2036,20361200,,,,2036FYQ4,
509,20180900,20180900,Sep-2018,64930,false,,,,,,2018GY,,,,,Sep-2018,20180900,,,,2018FYQ3,
510,20340300,20340300,Mar-2034,64930,false,,,,,,2033GY,,,,,Mar-2034,20340300,,,,2034FYQ1,
511,20480600,20480600,Jun-2048,64930,false,,,,,,2048GY,,,,,Jun-2048,20480600,,,,2048FYQ2,
512,20151100,20151100,Nov-2015,64930,false,,,,,,2015GY,,,,,Nov-2015,20151100,,,,2015FYQ4,
513,20560200,20560200,Fev-2056,64930,false,,,,,,2055GY,,,,,Fev-2056,20560200,,,,2056FYQ1,
514,20520900,20520900,Sep-2052,64930,false,,,,,,2052GY,,,,,Sep-2052,20520900,,,,2052FYQ3,
515,20130200,20130200,Fev-2013,64930,false,,,,,,2012GY,,,,,Fev-2013,20130200,,,,2013FYQ1,
516,20371000,20371000,Oct-2037,64930,false,,,,,,2037GY,,,,,Oct-2037,20371000,,,,2037FYQ4,
517,20260700,20260700,Jul-2026,64930,false,,,,,,2026GY,,,,,Jul-2026,20260700,,,,2026FYQ3,
518,20350100,20350100,Jan-2035,64930,false,,,,,,2034GY,,,,,Jan-2035,20350100,,,,2035FYQ1,
519,20190700,20190700,Jul-2019,64930,false,,,,,,2019GY,,,,,Jul-2019,20190700,,,,2019FYQ3,
520,20310800,20310800,Aou-2031,64930,false,,,,,,2031GY,,,,,Aou-2031,20310800,,,,2031FYQ3,
521,20291200,20291200,Dec-2029,64930,false,,,,,,2029GY,,,,,Dec-2029,20291200,,,,2029FYQ4,
522,20410100,20410100,Jan-2041,64930,false,,,,,,2040GY,,,,,Jan-2041,20410100,,,,2041FYQ1,
523,20431000,20431000,Oct-2043,64930,false,,,,,,2043GY,,,,,Oct-2043,20431000,,,,2043FYQ4,
524,20211100,20211100,Nov-2021,64930,false,,,,,,2021GY,,,,,Nov-2021,20211100,,,,2021FYQ4,
525,20490400,20490400,Avr-2049,64930,false,,,,,,2049GY,,,,,Avr-2049,20490400,,,,2049FYQ2,
526,20270500,20270500,Mai-2027,64930,false,,,,,,2027GY,,,,,Mai-2027,20270500,,,,2027FYQ2,
527,20530700,20530700,Jul-2053,64930,false,,,,,,2053GY,,,,,Jul-2053,20530700,,,,2053FYQ3,
528,20320700,20320700,Jul-2032,64930,false,,,,,,2032GY,,,,,Jul-2032,20320700,,,,2032FYQ3,
529,20400300,20400300,Mar-2040,64930,false,,,,,,2039GY,,,,,Mar-2040,20400300,,,,2040FYQ1,
530,20280300,20280300,Mar-2028,64930,false,,,,,,2027GY,,,,,Mar-2028,20280300,,,,2028FYQ1,
531,20421100,20421100,Nov-2042,64930,false,,,,,,2042GY,,,,,Nov-2042,20421100,,,,2042FYQ4,
532,20540600,20540600,Jun-2054,64930,false,,,,,,2054GY,,,,,Jun-2054,20540600,,,,2054FYQ2,
533,20201200,20201200,Dec-2020,64930,false,,,,,,2020GY,,,,,Dec-2020,20201200,,,,2020FYQ4,
534,20250800,20250800,Aou-2025,64930,false,,,,,,2025GY,,,,,Aou-2025,20250800,,,,2025FYQ3,
535,20330500,20330500,Mai-2033,64930,false,,,,,,2033GY,,,,,Mai-2033,20330500,,,,2033FYQ2,
536,20141200,20141200,Dec-2014,64930,false,,,,,,2014GY,,,,,Dec-2014,20141200,,,,2014FYQ4,
537,20571200,20571200,Dec-2057,64930,false,,,,,,2057GY,,,,,Dec-2057,20571200,,,,2057FYQ4,
538,20290100,20290100,Jan-2029,64930,false,,,,,,2028GY,,,,,Jan-2029,20290100,,,,2029FYQ1,
539,20470700,20470700,Jul-2047,64930,false,,,,,,2047GY,,,,,Jul-2047,20470700,,,,2047FYQ3,
540,20460900,20460900,Sep-2046,64930,false,,,,,,2046GY,,,,,Sep-2046,20460900,,,,2046FYQ3,
541,20550400,20550400,Avr-2055,64930,false,,,,,,2055GY,,,,,Avr-2055,20550400,,,,2055FYQ2,
542,20361100,20361100,Nov-2036,64930,false,,,,,,2036GY,,,,,Nov-2036,20361100,,,,2036FYQ4,
543,2043fyq3,2043FYQ3,2043-Q3,68700,false,,,,,,,,,,,,,,2043FYS2,2043-Q3,2043FYQ3,
544,2021fyq2,2021FYQ2,2021-Q2,68700,false,,,,,,,,,,,,,,2021FYS1,2021-Q2,2021FYQ2,
545,2040fyq4,2040FYQ4,2040-Q4,68700,false,,,,,,,,,,,,,,2040FYS2,2040-Q4,2040FYQ4,
546,2015fyq4,2015FYQ4,2015-Q4,68700,false,,,,,,,,,,,,,,2015FYS2,2015-Q4,2015FYQ4,
547,2035fyq3,2035FYQ3,2035-Q3,68700,false,,,,,,,,,,,,,,2035FYS2,2035-Q3,2035FYQ3,
548,2031fyq4,2031FYQ4,2031-Q4,68700,false,,,,,,,,,,,,,,2031FYS2,2031-Q4,2031FYQ4,
549,2052fyq2,2052FYQ2,2052-Q2,68700,false,,,,,,,,,,,,,,2052FYS1,2052-Q2,2052FYQ2,
550,2013fyq2,2013FYQ2,2013-Q2,68700,false,,,,,,,,,,,,,,2013FYS1,2013-Q2,2013FYQ2,
551,2022fyq1,2022FYQ1,2022-Q1,68700,false,,,,,,,,,,,,,,2022FYS1,2022-Q1,2022FYQ1,
552,2016fyq4,2016FYQ4,2016-Q4,68700,false,,,,,,,,,,,,,,2016FYS2,2016-Q4,2016FYQ4,
553,2044fyq2,2044FYQ2,2044-Q2,68700,false,,,,,,,,,,,,,,2044FYS1,2044-Q2,2044FYQ2,
554,2014fyq1,2014FYQ1,2014-Q1,68700,false,,,,,,,,,,,,,,2014FYS1,2014-Q1,2014FYQ1,
555,2019fyq3,2019FYQ3,2019-Q3,68700,false,,,,,,,,,,,,,,2019FYS2,2019-Q3,2019FYQ3,
556,2054fyq1,2054FYQ1,2054-Q1,68700,false,,,,,,,,,,,,,,2054FYS1,2054-Q1,2054FYQ1,
557,2036fyq2,2036FYQ2,2036-Q2,68700,false,,,,,,,,,,,,,,2036FYS1,2036-Q2,2036FYQ2,
558,2053fyq2,2053FYQ2,2053-Q2,68700,false,,,,,,,,,,,,,,2053FYS1,2053-Q2,2053FYQ2,
559,2023fyq1,2023FYQ1,2023-Q1,68700,false,,,,,,,,,,,,,,2023FYS1,2023-Q1,2023FYQ1,
560,2027fyq3,2027FYQ3,2027-Q3,68700,false,,,,,,,,,,,,,,2027FYS2,2027-Q3,2027FYQ3,
561,2047fyq4,2047FYQ4,2047-Q4,68700,false,,,,,,,,,,,,,,2047FYS2,2047-Q4,2047FYQ4,
562,2045fyq2,2045FYQ2,2045-Q2,68700,false,,,,,,,,,,,,,,2045FYS1,2045-Q2,2045FYQ2,
563,2039fyq4,2039FYQ4,2039-Q4,68700,false,,,,,,,,,,,,,,2039FYS2,2039-Q4,2039FYQ4,
564,2055fyq4,2055FYQ4,2055-Q4,68700,false,,,,,,,,,,,,,,2055FYS2,2055-Q4,2055FYQ4,
565,1900fyq0,1900FYQ0,Ante,68700,false,,,,,,,,,,,,,,1900FYS0,Ante,1900FYQ0,
566,2028fyq2,2028FYQ2,2028-Q2,68700,false,,,,,,,,,,,,,,2028FYS1,2028-Q2,2028FYQ2,
567,2031fyq1,2031FYQ1,2031-Q1,68700,false,,,,,,,,,,,,,,2031FYS1,2031-Q1,2031FYQ1,
568,2037fyq1,2037FYQ1,2037-Q1,68700,false,,,,,,,,,,,,,,2037FYS1,2037-Q1,2037FYQ1,
569,2046fyq1,2046FYQ1,2046-Q1,68700,false,,,,,,,,,,,,,,2046FYS1,2046-Q1,2046FYQ1,
570,2024fyq4,2024FYQ4,2024-Q4,68700,false,,,,,,,,,,,,,,2024FYS2,2024-Q4,2024FYQ4,
571,2054fyq4,2054FYQ4,2054-Q4,68700,false,,,,,,,,,,,,,,2054FYS2,2054-Q4,2054FYQ4,
572,2030fyq1,2030FYQ1,2030-Q1,68700,false,,,,,,,,,,,,,,2030FYS1,2030-Q1,2030FYQ1,
573,2020fyq3,2020FYQ3,2020-Q3,68700,false,,,,,,,,,,,,,,2020FYS2,2020-Q3,2020FYQ3,
574,2029fyq2,2029FYQ2,2029-Q2,68700,false,,,,,,,,,,,,,,2029FYS1,2029-Q2,2029FYQ2,
575,2038fyq1,2038FYQ1,2038-Q1,68700,false,,,,,,,,,,,,,,2038FYS1,2038-Q1,2038FYQ1,
576,2023fyq4,2023FYQ4,2023-Q4,68700,false,,,,,,,,,,,,,,2023FYS2,2023-Q4,2023FYQ4,
577,2051fyq3,2051FYQ3,2051-Q3,68700,false,,,,,,,,,,,,,,2051FYS2,2051-Q3,2051FYQ3,
578,2034fyq3,2034FYQ3,2034-Q3,68700,false,,,,,,,,,,,,,,2034FYS2,2034-Q3,2034FYQ3,
579,2026fyq3,2026FYQ3,2026-Q3,68700,false,,,,,,,,,,,,,,2026FYS2,2026-Q3,2026FYQ3,
580,2022fyq2,2022FYQ2,2022-Q2,68700,false,,,,,,,,,,,,,,2022FYS1,2022-Q2,2022FYQ2,
581,2052fyq3,2052FYQ3,2052-Q3,68700,false,,,,,,,,,,,,,,2052FYS2,2052-Q3,2052FYQ3,
582,2044fyq3,2044FYQ3,2044-Q3,68700,false,,,,,,,,,,,,,,2044FYS2,2044-Q3,2044FYQ3,
583,2015fyq1,2015FYQ1,2015-Q1,68700,false,,,,,,,,,,,,,,2015FYS1,2015-Q1,2015FYQ1,
584,2037fyq2,2037FYQ2,2037-Q2,68700,false,,,,,,,,,,,,,,2037FYS1,2037-Q2,2037FYQ2,
585,2030fyq2,2030FYQ2,2030-Q2,68700,false,,,,,,,,,,,,,,2030FYS1,2030-Q2,2030FYQ2,
586,2029fyq1,2029FYQ1,2029-Q1,68700,false,,,,,,,,,,,,,,2029FYS1,2029-Q1,2029FYQ1,
587,2047fyq1,2047FYQ1,2047-Q1,68700,false,,,,,,,,,,,,,,2047FYS1,2047-Q1,2047FYQ1,
588,2021fyq1,2021FYQ1,2021-Q1,68700,false,,,,,,,,,,,,,,2021FYS1,2021-Q1,2021FYQ1,
589,2055fyq1,2055FYQ1,2055-Q1,68700,false,,,,,,,,,,,,,,2055FYS1,2055-Q1,2055FYQ1,
590,2035fyq2,2035FYQ2,2035-Q2,68700,false,,,,,,,,,,,,,,2035FYS1,2035-Q2,2035FYQ2,
591,2013fyq3,2013FYQ3,2013-Q3,68700,false,,,,,,,,,,,,,,2013FYS2,2013-Q3,2013FYQ3,
592,2014fyq2,2014FYQ2,2014-Q2,68700,false,,,,,,,,,,,,,,2014FYS1,2014-Q2,2014FYQ2,
593,2022fyq4,2022FYQ4,2022-Q4,68700,false,,,,,,,,,,,,,,2022FYS2,2022-Q4,2022FYQ4,
594,2049fyq3,2049FYQ3,2049-Q3,68700,false,,,,,,,,,,,,,,2049FYS2,2049-Q3,2049FYQ3,
595,2056fyq4,2056FYQ4,2056-Q4,68700,false,,,,,,,,,,,,,,2056FYS2,2056-Q4,2056FYQ4,
596,2038fyq4,2038FYQ4,2038-Q4,68700,false,,,,,,,,,,,,,,2038FYS2,2038-Q4,2038FYQ4,
597,2017fyq4,2017FYQ4,2017-Q4,68700,false,,,,,,,,,,,,,,2017FYS2,2017-Q4,2017FYQ4,
598,2053fyq1,2053FYQ1,2053-Q1,68700,false,,,,,,,,,,,,,,2053FYS1,2053-Q1,2053FYQ1,
599,2028fyq3,2028FYQ3,2028-Q3,68700,false,,,,,,,,,,,,,,2028FYS2,2028-Q3,2028FYQ3,
600,2050fyq3,2050FYQ3,2050-Q3,68700,false,,,,,,,,,,,,,,2050FYS2,2050-Q3,2050FYQ3,
601,2020fyq2,2020FYQ2,2020-Q2,68700,false,,,,,,,,,,,,,,2020FYS1,2020-Q2,2020FYQ2,
602,2041fyq4,2041FYQ4,2041-Q4,68700,false,,,,,,,,,,,,,,2041FYS2,2041-Q4,2041FYQ4,
603,2046fyq2,2046FYQ2,2046-Q2,68700,false,,,,,,,,,,,,,,2046FYS1,2046-Q2,2046FYQ2,
604,2051fyq2,2051FYQ2,2051-Q2,68700,false,,,,,,,,,,,,,,2051FYS1,2051-Q2,2051FYQ2,
605,2031fyq2,2031FYQ2,2031-Q2,68700,false,,,,,,,,,,,,,,2031FYS1,2031-Q2,2031FYQ2,
606,2036fyq1,2036FYQ1,2036-Q1,68700,false,,,,,,,,,,,,,,2036FYS1,2036-Q1,2036FYQ1,
607,2045fyq3,2045FYQ3,2045-Q3,68700,false,,,,,,,,,,,,,,2045FYS2,2045-Q3,2045FYQ3,
608,2033fyq3,2033FYQ3,2033-Q3,68700,false,,,,,,,,,,,,,,2033FYS2,2033-Q3,2033FYQ3,
609,2016fyq1,2016FYQ1,2016-Q1,68700,false,,,,,,,,,,,,,,2016FYS1,2016-Q1,2016FYQ1,
610,2053fyq4,2053FYQ4,2053-Q4,68700,false,,,,,,,,,,,,,,2053FYS2,2053-Q4,2053FYQ4,
611,2039fyq1,2039FYQ1,2039-Q1,68700,false,,,,,,,,,,,,,,2039FYS1,2039-Q1,2039FYQ1,
612,2043fyq2,2043FYQ2,2043-Q2,68700,false,,,,,,,,,,,,,,2043FYS1,2043-Q2,2043FYQ2,
613,2021fyq3,2021FYQ3,2021-Q3,68700,false,,,,,,,,,,,,,,2021FYS2,2021-Q3,2021FYQ3,
614,2022fyq3,2022FYQ3,2022-Q3,68700,false,,,,,,,,,,,,,,2022FYS2,2022-Q3,2022FYQ3,
615,2048fyq1,2048FYQ1,2048-Q1,68700,false,,,,,,,,,,,,,,2048FYS1,2048-Q1,2048FYQ1,
616,2050fyq2,2050FYQ2,2050-Q2,68700,false,,,,,,,,,,,,,,2050FYS1,2050-Q2,2050FYQ2,
617,2056fyq3,2056FYQ3,2056-Q3,68700,false,,,,,,,,,,,,,,2056FYS2,2056-Q3,2056FYQ3,
618,2030fyq4,2030FYQ4,2030-Q4,68700,false,,,,,,,,,,,,,,2030FYS2,2030-Q4,2030FYQ4,
619,2057fyq3,2057FYQ3,2057-Q3,68700,false,,,,,,,,,,,,,,2057FYS2,2057-Q3,2057FYQ3,
620,2044fyq1,2044FYQ1,2044-Q1,68700,false,,,,,,,,,,,,,,2044FYS1,2044-Q1,2044FYQ1,
621,2025fyq4,2025FYQ4,2025-Q4,68700,false,,,,,,,,,,,,,,2025FYS2,2025-Q4,2025FYQ4,
622,2023fyq2,2023FYQ2,2023-Q2,68700,false,,,,,,,,,,,,,,2023FYS1,2023-Q2,2023FYQ2,
623,2032fyq1,2032FYQ1,2032-Q1,68700,false,,,,,,,,,,,,,,2032FYS1,2032-Q1,2032FYQ1,
624,2014fyq3,2014FYQ3,2014-Q3,68700,false,,,,,,,,,,,,,,2014FYS2,2014-Q3,2014FYQ3,
625,2015fyq2,2015FYQ2,2015-Q2,68700,false,,,,,,,,,,,,,,2015FYS1,2015-Q2,2015FYQ2,
626,2037fyq3,2037FYQ3,2037-Q3,68700,false,,,,,,,,,,,,,,2037FYS2,2037-Q3,2037FYQ3,
627,2024fyq1,2024FYQ1,2024-Q1,68700,false,,,,,,,,,,,,,,2024FYS1,2024-Q1,2024FYQ1,
628,2018fyq4,2018FYQ4,2018-Q4,68700,false,,,,,,,,,,,,,,2018FYS2,2018-Q4,2018FYQ4,
629,2033fyq4,2033FYQ4,2033-Q4,68700,false,,,,,,,,,,,,,,2033FYS2,2033-Q4,2033FYQ4,
630,2048fyq4,2048FYQ4,2048-Q4,68700,false,,,,,,,,,,,,,,2048FYS2,2048-Q4,2048FYQ4,
631,2041fyq3,2041FYQ3,2041-Q3,68700,false,,,,,,,,,,,,,,2041FYS2,2041-Q3,2041FYQ3,
632,2038fyq2,2038FYQ2,2038-Q2,68700,false,,,,,,,,,,,,,,2038FYS1,2038-Q2,2038FYQ2,
633,2052fyq1,2052FYQ1,2052-Q1,68700,false,,,,,,,,,,,,,,2052FYS1,2052-Q1,2052FYQ1,
634,2042fyq3,2042FYQ3,2042-Q3,68700,false,,,,,,,,,,,,,,2042FYS2,2042-Q3,2042FYQ3,
635,2025fyq1,2025FYQ1,2025-Q1,68700,false,,,,,,,,,,,,,,2025FYS1,2025-Q1,2025FYQ1,
636,2045fyq4,2045FYQ4,2045-Q4,68700,false,,,,,,,,,,,,,,2045FYS2,2045-Q4,2045FYQ4,
637,2049fyq4,2049FYQ4,2049-Q4,68700,false,,,,,,,,,,,,,,2049FYS2,2049-Q4,2049FYQ4,
638,2029fyq3,2029FYQ3,2029-Q3,68700,false,,,,,,,,,,,,,,2029FYS2,2029-Q3,2029FYQ3,
639,2017fyq1,2017FYQ1,2017-Q1,68700,false,,,,,,,,,,,,,,2017FYS1,2017-Q1,2017FYQ1,
640,2039fyq2,2039FYQ2,2039-Q2,68700,false,,,,,,,,,,,,,,2039FYS1,2039-Q2,2039FYQ2,
641,2057fyq2,2057FYQ2,2057-Q2,68700,false,,,,,,,,,,,,,,2057FYS1,2057-Q2,2057FYQ2,
642,2036fyq3,2036FYQ3,2036-Q3,68700,false,,,,,,,,,,,,,,2036FYS2,2036-Q3,2036FYQ3,
643,2045fyq1,2045FYQ1,2045-Q1,68700,false,,,,,,,,,,,,,,2045FYS1,2045-Q1,2045FYQ1,
644,2046fyq4,2046FYQ4,2046-Q4,68700,false,,,,,,,,,,,,,,2046FYS2,2046-Q4,2046FYQ4,
645,2024fyq2,2024FYQ2,2024-Q2,68700,false,,,,,,,,,,,,,,2024FYS1,2024-Q2,2024FYQ2,
646,2032fyq4,2032FYQ4,2032-Q4,68700,false,,,,,,,,,,,,,,2032FYS2,2032-Q4,2032FYQ4,
647,2042fyq2,2042FYQ2,2042-Q2,68700,false,,,,,,,,,,,,,,2042FYS1,2042-Q2,2042FYQ2,
648,2051fyq1,2051FYQ1,2051-Q1,68700,false,,,,,,,,,,,,,,2051FYS1,2051-Q1,2051FYQ1,
649,2052fyq4,2052FYQ4,2052-Q4,68700,false,,,,,,,,,,,,,,2052FYS2,2052-Q4,2052FYQ4,
650,2999fyq0,2999FYQ0,Post,68700,false,,,,,,,,,,,,,,2999FYS0,Post,2999FYQ0,
651,2026fyq4,2026FYQ4,2026-Q4,68700,false,,,,,,,,,,,,,,2026FYS2,2026-Q4,2026FYQ4,
652,2016fyq2,2016FYQ2,2016-Q2,68700,false,,,,,,,,,,,,,,2016FYS1,2016-Q2,2016FYQ2,
653,2019fyq4,2019FYQ4,2019-Q4,68700,false,,,,,,,,,,,,,,2019FYS2,2019-Q4,2019FYQ4,
654,2018fyq1,2018FYQ1,2018-Q1,68700,false,,,,,,,,,,,,,,2018FYS1,2018-Q1,2018FYQ1,
655,2015fyq3,2015FYQ3,2015-Q3,68700,false,,,,,,,,,,,,,,2015FYS2,2015-Q3,2015FYQ3,
656,2034fyq1,2034FYQ1,2034-Q1,68700,false,,,,,,,,,,,,,,2034FYS1,2034-Q1,2034FYQ1,
657,2056fyq2,2056FYQ2,2056-Q2,68700,false,,,,,,,,,,,,,,2056FYS1,2056-Q2,2056FYQ2,
658,2026fyq1,2026FYQ1,2026-Q1,68700,false,,,,,,,,,,,,,,2026FYS1,2026-Q1,2026FYQ1,
659,2042fyq1,2042FYQ1,2042-Q1,68700,false,,,,,,,,,,,,,,2042FYS1,2042-Q1,2042FYQ1,
660,2017fyq2,2017FYQ2,2017-Q2,68700,false,,,,,,,,,,,,,,2017FYS1,2017-Q2,2017FYQ2,
661,2048fyq2,2048FYQ2,2048-Q2,68700,false,,,,,,,,,,,,,,2048FYS1,2048-Q2,2048FYQ2,
662,2050fyq1,2050FYQ1,2050-Q1,68700,false,,,,,,,,,,,,,,2050FYS1,2050-Q1,2050FYQ1,
663,2039fyq3,2039FYQ3,2039-Q3,68700,false,,,,,,,,,,,,,,2039FYS2,2039-Q3,2039FYQ3,
664,2031fyq3,2031FYQ3,2031-Q3,68700,false,,,,,,,,,,,,,,2031FYS2,2031-Q3,2031FYQ3,
665,2023fyq3,2023FYQ3,2023-Q3,68700,false,,,,,,,,,,,,,,2023FYS2,2023-Q3,2023FYQ3,
666,2041fyq2,2041FYQ2,2041-Q2,68700,false,,,,,,,,,,,,,,2041FYS1,2041-Q2,2041FYQ2,
667,2057fyq1,2057FYQ1,2057-Q1,68700,false,,,,,,,,,,,,,,2057FYS1,2057-Q1,2057FYQ1,
668,2043fyq4,2043FYQ4,2043-Q4,68700,false,,,,,,,,,,,,,,2043FYS2,2043-Q4,2043FYQ4,
669,2051fyq4,2051FYQ4,2051-Q4,68700,false,,,,,,,,,,,,,,2051FYS2,2051-Q4,2051FYQ4,
670,2040fyq3,2040FYQ3,2040-Q3,68700,false,,,,,,,,,,,,,,2040FYS2,2040-Q3,2040FYQ3,
671,2049fyq1,2049FYQ1,2049-Q1,68700,false,,,,,,,,,,,,,,2049FYS1,2049-Q1,2049FYQ1,
672,2032fyq2,2032FYQ2,2032-Q2,68700,false,,,,,,,,,,,,,,2032FYS1,2032-Q2,2032FYQ2,
673,2024fyq3,2024FYQ3,2024-Q3,68700,false,,,,,,,,,,,,,,2024FYS2,2024-Q3,2024FYQ3,
674,2054fyq3,2054FYQ3,2054-Q3,68700,false,,,,,,,,,,,,,,2054FYS2,2054-Q3,2054FYQ3,
675,2020fyq4,2020FYQ4,2020-Q4,68700,false,,,,,,,,,,,,,,2020FYS2,2020-Q4,2020FYQ4,
676,2035fyq4,2035FYQ4,2035-Q4,68700,false,,,,,,,,,,,,,,2035FYS2,2035-Q4,2035FYQ4,
677,2033fyq2,2033FYQ2,2033-Q2,68700,false,,,,,,,,,,,,,,2033FYS1,2033-Q2,2033FYQ2,
678,2038fyq3,2038FYQ3,2038-Q3,68700,false,,,,,,,,,,,,,,2038FYS2,2038-Q3,2038FYQ3,
679,2027fyq4,2027FYQ4,2027-Q4,68700,false,,,,,,,,,,,,,,2027FYS2,2027-Q4,2027FYQ4,
680,2047fyq3,2047FYQ3,2047-Q3,68700,false,,,,,,,,,,,,,,2047FYS2,2047-Q3,2047FYQ3,
681,2036fyq4,2036FYQ4,2036-Q4,68700,false,,,,,,,,,,,,,,2036FYS2,2036-Q4,2036FYQ4,
682,2055fyq3,2055FYQ3,2055-Q3,68700,false,,,,,,,,,,,,,,2055FYS2,2055-Q3,2055FYQ3,
683,2025fyq2,2025FYQ2,2025-Q2,68700,false,,,,,,,,,,,,,,2025FYS1,2025-Q2,2025FYQ2,
684,2044fyq4,2044FYQ4,2044-Q4,68700,false,,,,,,,,,,,,,,2044FYS2,2044-Q4,2044FYQ4,
685,2041fyq1,2041FYQ1,2041-Q1,68700,false,,,,,,,,,,,,,,2041FYS1,2041-Q1,2041FYQ1,
686,2019fyq1,2019FYQ1,2019-Q1,68700,false,,,,,,,,,,,,,,2019FYS1,2019-Q1,2019FYQ1,
687,2040fyq2,2040FYQ2,2040-Q2,68700,false,,,,,,,,,,,,,,2040FYS1,2040-Q2,2040FYQ2,
688,2033fyq1,2033FYQ1,2033-Q1,68700,false,,,,,,,,,,,,,,2033FYS1,2033-Q1,2033FYQ1,
689,2016fyq3,2016FYQ3,2016-Q3,68700,false,,,,,,,,,,,,,,2016FYS2,2016-Q3,2016FYQ3,
690,2055fyq2,2055FYQ2,2055-Q2,68700,false,,,,,,,,,,,,,,2055FYS1,2055-Q2,2055FYQ2,
691,2028fyq4,2028FYQ4,2028-Q4,68700,false,,,,,,,,,,,,,,2028FYS2,2028-Q4,2028FYQ4,
692,2026fyq2,2026FYQ2,2026-Q2,68700,false,,,,,,,,,,,,,,2026FYS1,2026-Q2,2026FYQ2,
693,2018fyq2,2018FYQ2,2018-Q2,68700,false,,,,,,,,,,,,,,2018FYS1,2018-Q2,2018FYQ2,
694,2027fyq1,2027FYQ1,2027-Q1,68700,false,,,,,,,,,,,,,,2027FYS1,2027-Q1,2027FYQ1,
695,2013fyq4,2013FYQ4,2013-Q4,68700,false,,,,,,,,,,,,,,2013FYS2,2013-Q4,2013FYQ4,
696,2034fyq4,2034FYQ4,2034-Q4,68700,false,,,,,,,,,,,,,,2034FYS2,2034-Q4,2034FYQ4,
697,2050fyq4,2050FYQ4,2050-Q4,68700,false,,,,,,,,,,,,,,2050FYS2,2050-Q4,2050FYQ4,
698,2043fyq1,2043FYQ1,2043-Q1,68700,false,,,,,,,,,,,,,,2043FYS1,2043-Q1,2043FYQ1,
699,2017fyq3,2017FYQ3,2017-Q3,68700,false,,,,,,,,,,,,,,2017FYS2,2017-Q3,2017FYQ3,
700,2034fyq2,2034FYQ2,2034-Q2,68700,false,,,,,,,,,,,,,,2034FYS1,2034-Q2,2034FYQ2,
701,2048fyq3,2048FYQ3,2048-Q3,68700,false,,,,,,,,,,,,,,2048FYS2,2048-Q3,2048FYQ3,
702,2056fyq1,2056FYQ1,2056-Q1,68700,false,,,,,,,,,,,,,,2056FYS1,2056-Q1,2056FYQ1,
703,2013fyq1,2013FYQ1,2013-Q1,68700,false,,,,,,,,,,,,,,2013FYS1,2013-Q1,2013FYQ1,
704,2037fyq4,2037FYQ4,2037-Q4,68700,false,,,,,,,,,,,,,,2037FYS2,2037-Q4,2037FYQ4,
705,2030fyq3,2030FYQ3,2030-Q3,68700,false,,,,,,,,,,,,,,2030FYS2,2030-Q3,2030FYQ3,
706,2057fyq4,2057FYQ4,2057-Q4,68700,false,,,,,,,,,,,,,,2057FYS2,2057-Q4,2057FYQ4,
707,2020fyq1,2020FYQ1,2020-Q1,68700,false,,,,,,,,,,,,,,2020FYS1,2020-Q1,2020FYQ1,
708,2027fyq2,2027FYQ2,2027-Q2,68700,false,,,,,,,,,,,,,,2027FYS1,2027-Q2,2027FYQ2,
709,2019fyq2,2019FYQ2,2019-Q2,68700,false,,,,,,,,,,,,,,2019FYS1,2019-Q2,2019FYQ2,
710,2029fyq4,2029FYQ4,2029-Q4,68700,false,,,,,,,,,,,,,,2029FYS2,2029-Q4,2029FYQ4,
711,2053fyq3,2053FYQ3,2053-Q3,68700,false,,,,,,,,,,,,,,2053FYS2,2053-Q3,2053FYQ3,
712,2021fyq4,2021FYQ4,2021-Q4,68700,false,,,,,,,,,,,,,,2021FYS2,2021-Q4,2021FYQ4,
713,2040fyq1,2040FYQ1,2040-Q1,68700,false,,,,,,,,,,,,,,2040FYS1,2040-Q1,2040FYQ1,
714,2042fyq4,2042FYQ4,2042-Q4,68700,false,,,,,,,,,,,,,,2042FYS2,2042-Q4,2042FYQ4,
715,2028fyq1,2028FYQ1,2028-Q1,68700,false,,,,,,,,,,,,,,2028FYS1,2028-Q1,2028FYQ1,
716,2054fyq2,2054FYQ2,2054-Q2,68700,false,,,,,,,,,,,,,,2054FYS1,2054-Q2,2054FYQ2,
717,2025fyq3,2025FYQ3,2025-Q3,68700,false,,,,,,,,,,,,,,2025FYS2,2025-Q3,2025FYQ3,
718,2014fyq4,2014FYQ4,2014-Q4,68700,false,,,,,,,,,,,,,,2014FYS2,2014-Q4,2014FYQ4,
719,2047fyq2,2047FYQ2,2047-Q2,68700,false,,,,,,,,,,,,,,2047FYS1,2047-Q2,2047FYQ2,
720,2018fyq3,2018FYQ3,2018-Q3,68700,false,,,,,,,,,,,,,,2018FYS2,2018-Q3,2018FYQ3,
721,2035fyq1,2035FYQ1,2035-Q1,68700,false,,,,,,,,,,,,,,2035FYS1,2035-Q1,2035FYQ1,
722,2049fyq2,2049FYQ2,2049-Q2,68700,false,,,,,,,,,,,,,,2049FYS1,2049-Q2,2049FYQ2,
723,2032fyq3,2032FYQ3,2032-Q3,68700,false,,,,,,,,,,,,,,2032FYS2,2032-Q3,2032FYQ3,
724,2046fyq3,2046FYQ3,2046-Q3,68700,false,,,,,,,,,,,,,,2046FYS2,2046-Q3,2046FYQ3,
725,2043fys2,2043FYS2,2043-S2,78109,false,,2043FY,,,,,,,,,,,2043-S2,2043FYS2,,,
726,2021fys1,2021FYS1,2021-S1,78109,false,,2021FY,,,,,,,,,,,2021-S1,2021FYS1,,,
727,2040fys2,2040FYS2,2040-S2,78109,false,,2040FY,,,,,,,,,,,2040-S2,2040FYS2,,,
728,2015fys2,2015FYS2,2015-S2,78109,false,,2015FY,,,,,,,,,,,2015-S2,2015FYS2,,,
729,2035fys2,2035FYS2,2035-S2,78109,false,,2035FY,,,,,,,,,,,2035-S2,2035FYS2,,,
730,2031fys2,2031FYS2,2031-S2,78109,false,,2031FY,,,,,,,,,,,2031-S2,2031FYS2,,,
731,2052fys1,2052FYS1,2052-S1,78109,false,,2052FY,,,,,,,,,,,2052-S1,2052FYS1,,,
732,2013fys1,2013FYS1,2013-S1,78109,false,,2013FY,,,,,,,,,,,2013-S1,2013FYS1,,,
733,2022fys1,2022FYS1,2022-S1,78109,false,,2022FY,,,,,,,,,,,2022-S1,2022FYS1,,,
734,2016fys2,2016FYS2,2016-S2,78109,false,,2016FY,,,,,,,,,,,2016-S2,2016FYS2,,,
735,2044fys1,2044FYS1,2044-S1,78109,false,,2044FY,,,,,,,,,,,2044-S1,2044FYS1,,,
736,2014fys1,2014FYS1,2014-S1,78109,false,,2014FY,,,,,,,,,,,2014-S1,2014FYS1,,,
737,2019fys2,2019FYS2,2019-S2,78109,false,,2019FY,,,,,,,,,,,2019-S2,2019FYS2,,,
738,2054fys1,2054FYS1,2054-S1,78109,false,,2054FY,,,,,,,,,,,2054-S1,2054FYS1,,,
739,2036fys1,2036FYS1,2036-S1,78109,false,,2036FY,,,,,,,,,,,2036-S1,2036FYS1,,,
740,2053fys1,2053FYS1,2053-S1,78109,false,,2053FY,,,,,,,,,,,2053-S1,2053FYS1,,,
741,2023fys1,2023FYS1,2023-S1,78109,false,,2023FY,,,,,,,,,,,2023-S1,2023FYS1,,,
742,2027fys2,2027FYS2,2027-S2,78109,false,,2027FY,,,,,,,,,,,2027-S2,2027FYS2,,,
743,2047fys2,2047FYS2,2047-S2,78109,false,,2047FY,,,,,,,,,,,2047-S2,2047FYS2,,,
744,2045fys1,2045FYS1,2045-S1,78109,false,,2045FY,,,,,,,,,,,2045-S1,2045FYS1,,,
745,2039fys2,2039FYS2,2039-S2,78109,false,,2039FY,,,,,,,,,,,2039-S2,2039FYS2,,,
746,2055fys2,2055FYS2,2055-S2,78109,false,,2055FY,,,,,,,,,,,2055-S2,2055FYS2,,,
747,1900fys0,1900FYS0,Ante,78109,false,,1900FY,,,,,,,,,,,Ante,1900FYS0,,,
748,2028fys1,2028FYS1,2028-S1,78109,false,,2028FY,,,,,,,,,,,2028-S1,2028FYS1,,,
749,2031fys1,2031FYS1,2031-S1,78109,false,,2031FY,,,,,,,,,,,2031-S1,2031FYS1,,,
750,2037fys1,2037FYS1,2037-S1,78109,false,,2037FY,,,,,,,,,,,2037-S1,2037FYS1,,,
751,2046fys1,2046FYS1,2046-S1,78109,false,,2046FY,,,,,,,,,,,2046-S1,2046FYS1,,,
752,2024fys2,2024FYS2,2024-S2,78109,false,,2024FY,,,,,,,,,,,2024-S2,2024FYS2,,,
753,2054fys2,2054FYS2,2054-S2,78109,false,,2054FY,,,,,,,,,,,2054-S2,2054FYS2,,,
754,2030fys1,2030FYS1,2030-S1,78109,false,,2030FY,,,,,,,,,,,2030-S1,2030FYS1,,,
755,2020fys2,2020FYS2,2020-S2,78109,false,,2020FY,,,,,,,,,,,2020-S2,2020FYS2,,,
756,2029fys1,2029FYS1,2029-S1,78109,false,,2029FY,,,,,,,,,,,2029-S1,2029FYS1,,,
757,2038fys1,2038FYS1,2038-S1,78109,false,,2038FY,,,,,,,,,,,2038-S1,2038FYS1,,,
758,2023fys2,2023FYS2,2023-S2,78109,false,,2023FY,,,,,,,,,,,2023-S2,2023FYS2,,,
759,2051fys2,2051FYS2,2051-S2,78109,false,,2051FY,,,,,,,,,,,2051-S2,2051FYS2,,,
760,2034fys2,2034FYS2,2034-S2,78109,false,,2034FY,,,,,,,,,,,2034-S2,2034FYS2,,,
761,2026fys2,2026FYS2,2026-S2,78109,false,,2026FY,,,,,,,,,,,2026-S2,2026FYS2,,,
762,2052fys2,2052FYS2,2052-S2,78109,false,,2052FY,,,,,,,,,,,2052-S2,2052FYS2,,,
763,2044fys2,2044FYS2,2044-S2,78109,false,,2044FY,,,,,,,,,,,2044-S2,2044FYS2,,,
764,2015fys1,2015FYS1,2015-S1,78109,false,,2015FY,,,,,,,,,,,2015-S1,2015FYS1,,,
765,2047fys1,2047FYS1,2047-S1,78109,false,,2047FY,,,,,,,,,,,2047-S1,2047FYS1,,,
766,2055fys1,2055FYS1,2055-S1,78109,false,,2055FY,,,,,,,,,,,2055-S1,2055FYS1,,,
767,2035fys1,2035FYS1,2035-S1,78109,false,,2035FY,,,,,,,,,,,2035-S1,2035FYS1,,,
768,2013fys2,2013FYS2,2013-S2,78109,false,,2013FY,,,,,,,,,,,2013-S2,2013FYS2,,,
769,2022fys2,2022FYS2,2022-S2,78109,false,,2022FY,,,,,,,,,,,2022-S2,2022FYS2,,,
770,2049fys2,2049FYS2,2049-S2,78109,false,,2049FY,,,,,,,,,,,2049-S2,2049FYS2,,,
771,2056fys2,2056FYS2,2056-S2,78109,false,,2056FY,,,,,,,,,,,2056-S2,2056FYS2,,,
772,2038fys2,2038FYS2,2038-S2,78109,false,,2038FY,,,,,,,,,,,2038-S2,2038FYS2,,,
773,2017fys2,2017FYS2,2017-S2,78109,false,,2017FY,,,,,,,,,,,2017-S2,2017FYS2,,,
774,2028fys2,2028FYS2,2028-S2,78109,false,,2028FY,,,,,,,,,,,2028-S2,2028FYS2,,,
775,2050fys2,2050FYS2,2050-S2,78109,false,,2050FY,,,,,,,,,,,2050-S2,2050FYS2,,,
776,2020fys1,2020FYS1,2020-S1,78109,false,,2020FY,,,,,,,,,,,2020-S1,2020FYS1,,,
777,2041fys2,2041FYS2,2041-S2,78109,false,,2041FY,,,,,,,,,,,2041-S2,2041FYS2,,,
778,2051fys1,2051FYS1,2051-S1,78109,false,,2051FY,,,,,,,,,,,2051-S1,2051FYS1,,,
779,2045fys2,2045FYS2,2045-S2,78109,false,,2045FY,,,,,,,,,,,2045-S2,2045FYS2,,,
780,2033fys2,2033FYS2,2033-S2,78109,false,,2033FY,,,,,,,,,,,2033-S2,2033FYS2,,,
781,2016fys1,2016FYS1,2016-S1,78109,false,,2016FY,,,,,,,,,,,2016-S1,2016FYS1,,,
782,2053fys2,2053FYS2,2053-S2,78109,false,,2053FY,,,,,,,,,,,2053-S2,2053FYS2,,,
783,2039fys1,2039FYS1,2039-S1,78109,false,,2039FY,,,,,,,,,,,2039-S1,2039FYS1,,,
784,2043fys1,2043FYS1,2043-S1,78109,false,,2043FY,,,,,,,,,,,2043-S1,2043FYS1,,,
785,2021fys2,2021FYS2,2021-S2,78109,false,,2021FY,,,,,,,,,,,2021-S2,2021FYS2,,,
786,2048fys1,2048FYS1,2048-S1,78109,false,,2048FY,,,,,,,,,,,2048-S1,2048FYS1,,,
787,2050fys1,2050FYS1,2050-S1,78109,false,,2050FY,,,,,,,,,,,2050-S1,2050FYS1,,,
788,2030fys2,2030FYS2,2030-S2,78109,false,,2030FY,,,,,,,,,,,2030-S2,2030FYS2,,,
789,2057fys2,2057FYS2,2057-S2,78109,false,,2057FY,,,,,,,,,,,2057-S2,2057FYS2,,,
790,2025fys2,2025FYS2,2025-S2,78109,false,,2025FY,,,,,,,,,,,2025-S2,2025FYS2,,,
791,2032fys1,2032FYS1,2032-S1,78109,false,,2032FY,,,,,,,,,,,2032-S1,2032FYS1,,,
792,2014fys2,2014FYS2,2014-S2,78109,false,,2014FY,,,,,,,,,,,2014-S2,2014FYS2,,,
793,2037fys2,2037FYS2,2037-S2,78109,false,,2037FY,,,,,,,,,,,2037-S2,2037FYS2,,,
794,2024fys1,2024FYS1,2024-S1,78109,false,,2024FY,,,,,,,,,,,2024-S1,2024FYS1,,,
795,2018fys2,2018FYS2,2018-S2,78109,false,,2018FY,,,,,,,,,,,2018-S2,2018FYS2,,,
796,2048fys2,2048FYS2,2048-S2,78109,false,,2048FY,,,,,,,,,,,2048-S2,2048FYS2,,,
797,2042fys2,2042FYS2,2042-S2,78109,false,,2042FY,,,,,,,,,,,2042-S2,2042FYS2,,,
798,2025fys1,2025FYS1,2025-S1,78109,false,,2025FY,,,,,,,,,,,2025-S1,2025FYS1,,,
799,2029fys2,2029FYS2,2029-S2,78109,false,,2029FY,,,,,,,,,,,2029-S2,2029FYS2,,,
800,2017fys1,2017FYS1,2017-S1,78109,false,,2017FY,,,,,,,,,,,2017-S1,2017FYS1,,,
801,2057fys1,2057FYS1,2057-S1,78109,false,,2057FY,,,,,,,,,,,2057-S1,2057FYS1,,,
802,2036fys2,2036FYS2,2036-S2,78109,false,,2036FY,,,,,,,,,,,2036-S2,2036FYS2,,,
803,2046fys2,2046FYS2,2046-S2,78109,false,,2046FY,,,,,,,,,,,2046-S2,2046FYS2,,,
804,2032fys2,2032FYS2,2032-S2,78109,false,,2032FY,,,,,,,,,,,2032-S2,2032FYS2,,,
805,2042fys1,2042FYS1,2042-S1,78109,false,,2042FY,,,,,,,,,,,2042-S1,2042FYS1,,,
806,2999fys0,2999FYS0,Post,78109,false,,2999FY,,,,,,,,,,,Post,2999FYS0,,,
807,2018fys1,2018FYS1,2018-S1,78109,false,,2018FY,,,,,,,,,,,2018-S1,2018FYS1,,,
808,2034fys1,2034FYS1,2034-S1,78109,false,,2034FY,,,,,,,,,,,2034-S1,2034FYS1,,,
809,2056fys1,2056FYS1,2056-S1,78109,false,,2056FY,,,,,,,,,,,2056-S1,2056FYS1,,,
810,2026fys1,2026FYS1,2026-S1,78109,false,,2026FY,,,,,,,,,,,2026-S1,2026FYS1,,,
811,2041fys1,2041FYS1,2041-S1,78109,false,,2041FY,,,,,,,,,,,2041-S1,2041FYS1,,,
812,2049fys1,2049FYS1,2049-S1,78109,false,,2049FY,,,,,,,,,,,2049-S1,2049FYS1,,,
813,2033fys1,2033FYS1,2033-S1,78109,false,,2033FY,,,,,,,,,,,2033-S1,2033FYS1,,,
814,2019fys1,2019FYS1,2019-S1,78109,false,,2019FY,,,,,,,,,,,2019-S1,2019FYS1,,,
815,2040fys1,2040FYS1,2040-S1,78109,false,,2040FY,,,,,,,,,,,2040-S1,2040FYS1,,,
816,2027fys1,2027FYS1,2027-S1,78109,false,,2027FY,,,,,,,,,,,2027-S1,2027FYS1,,,
817,2043fy,2043FY,2043,64877,false,2043,2043FY,,,,,,,,FYP,,,,,,,
819,2040fy,2040FY,2040,64877,false,2040,2040FY,,,,,,,,FYP,,,,,,,
820,2015fy,2015FY,2015,64877,false,2015,2015FY,,,,,,,,FYP,,,,,,,
821,2035fy,2035FY,2035,64877,false,2035,2035FY,,,,,,,,FYP,,,,,,,
822,2031fy,2031FY,2031,64877,false,2031,2031FY,,,,,,,,FYP,,,,,,,
823,2052fy,2052FY,2052,64877,false,2052,2052FY,,,,,,,,FYP,,,,,,,
824,2013fy,2013FY,2013,64877,false,2013,2013FY,,,,,,,,FYP,,,,,,,
825,2022fy,2022FY,2022,64877,false,2022,2022FY,,,,,,,,FYP,,,,,,,
826,2016fy,2016FY,2016,64877,false,2016,2016FY,,,,,,,,FYP,,,,,,,
827,2044fy,2044FY,2044,64877,false,2044,2044FY,,,,,,,,FYP,,,,,,,
828,2014fy,2014FY,2014,64877,false,2014,2014FY,,,,,,,,FYP,,,,,,,
829,2019fy,2019FY,2019,64877,false,2019,2019FY,,,,,,,,FYP,,,,,,,
830,2054fy,2054FY,2054,64877,false,2054,2054FY,,,,,,,,FYP,,,,,,,
831,2036fy,2036FY,2036,64877,false,2036,2036FY,,,,,,,,FYP,,,,,,,
832,2053fy,2053FY,2053,64877,false,2053,2053FY,,,,,,,,FYP,,,,,,,
833,2023fy,2023FY,2023,64877,false,2023,2023FY,,,,,,,,FYP,,,,,,,
834,2027fy,2027FY,2027,64877,false,2027,2027FY,,,,,,,,FYP,,,,,,,
835,2047fy,2047FY,2047,64877,false,2047,2047FY,,,,,,,,FYP,,,,,,,
836,2045fy,2045FY,2045,64877,false,2045,2045FY,,,,,,,,FYP,,,,,,,
837,2039fy,2039FY,2039,64877,false,2039,2039FY,,,,,,,,FYP,,,,,,,
838,2055fy,2055FY,2055,64877,false,2055,2055FY,,,,,,,,FYP,,,,,,,
839,1900fy,1900FY,Ante,64877,false,Ante,1900FY,,,,,,,,AFYP,,,,,,,
840,2028fy,2028FY,2028,64877,false,2028,2028FY,,,,,,,,FYP,,,,,,,
841,2037fy,2037FY,2037,64877,false,2037,2037FY,,,,,,,,FYP,,,,,,,
842,2046fy,2046FY,2046,64877,false,2046,2046FY,,,,,,,,FYP,,,,,,,
843,2024fy,2024FY,2024,64877,false,2024,2024FY,,,,,,,,FYP,,,,,,,
844,2030fy,2030FY,2030,64877,false,2030,2030FY,,,,,,,,FYP,,,,,,,
846,2029fy,2029FY,2029,64877,false,2029,2029FY,,,,,,,,FYP,,,,,,,
847,2038fy,2038FY,2038,64877,false,2038,2038FY,,,,,,,,FYP,,,,,,,
848,2051fy,2051FY,2051,64877,false,2051,2051FY,,,,,,,,FYP,,,,,,,
849,2034fy,2034FY,2034,64877,false,2034,2034FY,,,,,,,,FYP,,,,,,,
850,2026fy,2026FY,2026,64877,false,2026,2026FY,,,,,,,,FYP,,,,,,,
851,2049fy,2049FY,2049,64877,false,2049,2049FY,,,,,,,,FYP,,,,,,,
852,2056fy,2056FY,2056,64877,false,2056,2056FY,,,,,,,,FYP,,,,,,,
853,2017fy,2017FY,2017,64877,false,2017,2017FY,,,,,,,,FYP,,,,,,,
854,2050fy,2050FY,2050,64877,false,2050,2050FY,,,,,,,,FYP,,,,,,,
855,2041fy,2041FY,2041,64877,false,2041,2041FY,,,,,,,,FYP,,,,,,,
856,2033fy,2033FY,2033,64877,false,2033,2033FY,,,,,,,,FYP,,,,,,,
857,2048fy,2048FY,2048,64877,false,2048,2048FY,,,,,,,,FYP,,,,,,,
858,2057fy,2057FY,2057,64877,false,2057,2057FY,,,,,,,,FYP,,,,,,,
859,2025fy,2025FY,2025,64877,false,2025,2025FY,,,,,,,,FYP,,,,,,,
860,2032fy,2032FY,2032,64877,false,2032,2032FY,,,,,,,,FYP,,,,,,,
861,2018fy,2018FY,2018,64877,false,2018,2018FY,,,,,,,,FYP,,,,,,,
862,2042fy,2042FY,2042,64877,false,2042,2042FY,,,,,,,,FYP,,,,,,,
864,fyp,FYP,Plan Year,70444,false,,,,FY,,,,,Plan Year,FYP,,,,,,,
865,afyp,AFYP,Ante Plan Year,70444,false,,,,FY,,,,,Ante Plan Year,AFYP,,,,,,,
866,pfyp,PFYP,Post Plan Year,70444,false,,,,FY,,,,,Post Plan Year,PFYP,,,,,,,
867,fy,FY,Fiscale,64933,false,,,Fiscale,FY,,,,,,,,,,,,,
868,2043gy,2043GY,2043 Gaz,64880,false,,,,,2043 Gaz,2043GY,,GY,,,,,,,,,
869,2021gy,2021GY,2021 Gaz,64880,false,,,,,2021 Gaz,2021GY,,GY,,,,,,,,,
870,2040gy,2040GY,2040 Gaz,64880,false,,,,,2040 Gaz,2040GY,,GY,,,,,,,,,
871,2015gy,2015GY,2015 Gaz,64880,false,,,,,2015 Gaz,2015GY,,GY,,,,,,,,,
872,2035gy,2035GY,2035 Gaz,64880,false,,,,,2035 Gaz,2035GY,,GY,,,,,,,,,
873,2031gy,2031GY,2031 Gaz,64880,false,,,,,2031 Gaz,2031GY,,GY,,,,,,,,,
874,2052gy,2052GY,2052 Gaz,64880,false,,,,,2052 Gaz,2052GY,,GY,,,,,,,,,
875,2013gy,2013GY,2013 Gaz,64880,false,,,,,2013 Gaz,2013GY,,GY,,,,,,,,,
876,2016gy,2016GY,2016 Gaz,64880,false,,,,,2016 Gaz,2016GY,,GY,,,,,,,,,
877,2044gy,2044GY,2044 Gaz,64880,false,,,,,2044 Gaz,2044GY,,GY,,,,,,,,,
878,2019gy,2019GY,2019 Gaz,64880,false,,,,,2019 Gaz,2019GY,,GY,,,,,,,,,
879,2053gy,2053GY,2053 Gaz,64880,false,,,,,2053 Gaz,2053GY,,GY,,,,,,,,,
880,2036gy,2036GY,2036 Gaz,64880,false,,,,,2036 Gaz,2036GY,,GY,,,,,,,,,
881,2022gy,2022GY,2022 Gaz,64880,false,,,,,2022 Gaz,2022GY,,GY,,,,,,,,,
882,2027gy,2027GY,2027 Gaz,64880,false,,,,,2027 Gaz,2027GY,,GY,,,,,,,,,
883,2047gy,2047GY,2047 Gaz,64880,false,,,,,2047 Gaz,2047GY,,GY,,,,,,,,,
884,2045gy,2045GY,2045 Gaz,64880,false,,,,,2045 Gaz,2045GY,,GY,,,,,,,,,
885,2039gy,2039GY,2039 Gaz,64880,false,,,,,2039 Gaz,2039GY,,GY,,,,,,,,,
886,2055gy,2055GY,2055 Gaz,64880,false,,,,,2055 Gaz,2055GY,,GY,,,,,,,,,
887,1900gy,1900GY,Ante,64880,false,,,,,Ante,1900GY,,GY,,,,,,,,,
888,2028gy,2028GY,2028 Gaz,64880,false,,,,,2028 Gaz,2028GY,,GY,,,,,,,,,
889,2030gy,2030GY,2030 Gaz,64880,false,,,,,2030 Gaz,2030GY,,GY,,,,,,,,,
890,2024gy,2024GY,2024 Gaz,64880,false,,,,,2024 Gaz,2024GY,,GY,,,,,,,,,
891,2054gy,2054GY,2054 Gaz,64880,false,,,,,2054 Gaz,2054GY,,GY,,,,,,,,,
892,2029gy,2029GY,2029 Gaz,64880,false,,,,,2029 Gaz,2029GY,,GY,,,,,,,,,
893,2020gy,2020GY,2020 Gaz,64880,false,,,,,2020 Gaz,2020GY,,GY,,,,,,,,,
894,2037gy,2037GY,2037 Gaz,64880,false,,,,,2037 Gaz,2037GY,,GY,,,,,,,,,
895,2023gy,2023GY,2023 Gaz,64880,false,,,,,2023 Gaz,2023GY,,GY,,,,,,,,,
896,2051gy,2051GY,2051 Gaz,64880,false,,,,,2051 Gaz,2051GY,,GY,,,,,,,,,
897,2034gy,2034GY,2034 Gaz,64880,false,,,,,2034 Gaz,2034GY,,GY,,,,,,,,,
898,2026gy,2026GY,2026 Gaz,64880,false,,,,,2026 Gaz,2026GY,,GY,,,,,,,,,
899,2014gy,2014GY,2014 Gaz,64880,false,,,,,2014 Gaz,2014GY,,GY,,,,,,,,,
900,2046gy,2046GY,2046 Gaz,64880,false,,,,,2046 Gaz,2046GY,,GY,,,,,,,,,
901,2049gy,2049GY,2049 Gaz,64880,false,,,,,2049 Gaz,2049GY,,GY,,,,,,,,,
902,2056gy,2056GY,2056 Gaz,64880,false,,,,,2056 Gaz,2056GY,,GY,,,,,,,,,
903,2038gy,2038GY,2038 Gaz,64880,false,,,,,2038 Gaz,2038GY,,GY,,,,,,,,,
904,2017gy,2017GY,2017 Gaz,64880,false,,,,,2017 Gaz,2017GY,,GY,,,,,,,,,
905,2050gy,2050GY,2050 Gaz,64880,false,,,,,2050 Gaz,2050GY,,GY,,,,,,,,,
906,2041gy,2041GY,2041 Gaz,64880,false,,,,,2041 Gaz,2041GY,,GY,,,,,,,,,
907,2033gy,2033GY,2033 Gaz,64880,false,,,,,2033 Gaz,2033GY,,GY,,,,,,,,,
908,2057gy,2057GY,2057 Gaz,64880,false,,,,,2057 Gaz,2057GY,,GY,,,,,,,,,
909,2025gy,2025GY,2025 Gaz,64880,false,,,,,2025 Gaz,2025GY,,GY,,,,,,,,,
910,2018gy,2018GY,2018 Gaz,64880,false,,,,,2018 Gaz,2018GY,,GY,,,,,,,,,
911,2048gy,2048GY,2048 Gaz,64880,false,,,,,2048 Gaz,2048GY,,GY,,,,,,,,,
912,2042gy,2042GY,2042 Gaz,64880,false,,,,,2042 Gaz,2042GY,,GY,,,,,,,,,
913,2032gy,2032GY,2032 Gaz,64880,false,,,,,2032 Gaz,2032GY,,GY,,,,,,,,,
914,2999gy,2999GY,Post,64880,false,,,,,Post,2999GY,,GY,,,,,,,,,
915,2012gy,2012GY,2012 Gaz,64880,false,,,,,2012 Gaz,2012GY,,GY,,,,,,,,,
916,gy,GY,Gaziere,71104,false,,,,,,,Gaziere,GY,,,,,,,,,
845,2020fy,2020FY,2020,64877,false,2020,2020FY,,,,,,,,FYP,,,,,,,BUD_2020_H00_V00
863,2999fy,2999FY,Post,64877,false,Post,2999FY,,,,,,,,PFYP,,,,,,,Post PLT
818,2021fy,2021FY,2021,64877,false,2021,2021FY,,,,,,,,FYP,,,,,,,BUD_2021_H00_V00
