member_id,customer_key,unaltered_customer_key,display_name,level_id,is_deleted,a_mesdescription,a_mesdisplayfirst,a_meskey,a_mesmaptemps,a_mesparentkey,a_messorting
27,2019fy,2019FY,2019,65126,false,2019,,2019FY,2019FY,ALL_MES,2019
62,2018fy,2018FY,2018,65126,false,2018,,2018FY,2018FY,ALL_MES,2018
80,2029fy,2029FY,2029,65126,false,2029,,2029FY,2029FY,ALL_MES,2029
101,2017fy,2017FY,2017,65126,false,2017,,2017FY,2017FY,ALL_MES,2017
121,2028fy,2028FY,2028,65126,false,2028,,2028FY,2028FY,ALL_MES,2028
138,2039fy,2039FY,2039,65126,false,2039,,2039FY,2039FY,ALL_MES,2039
139,2016fy,2016FY,2016,65126,false,2016,,2016FY,2016FY,ALL_MES,2016
156,2027fy,2027FY,2027,65126,false,2027,,2027FY,2027FY,ALL_MES,2027
172,2015fy,2015FY,2015,65126,false,2015,,2015FY,2015FY,ALL_MES,2015
173,2038fy,2038FY,2038,65126,false,2038,,2038FY,2038FY,ALL_MES,2038
194,2049fy,2049FY,2049,65126,false,2049,,2049FY,2049FY,ALL_MES,2049
196,2026fy,2026FY,2026,65126,false,2026,,2026FY,2026FY,ALL_MES,2026
212,2014fy,2014FY,2014,65126,false,2014,,2014FY,2014FY,ALL_MES,2014
215,2037fy,2037FY,2037,65126,false,2037,,2037FY,2037FY,ALL_MES,2037
217,all_mes,ALL_MES,Mises En Service,65126,false,Mises En Service,,ALL_MES,,MES_Root,
233,2025fy,2025FY,2025,65126,false,2025,,2025FY,2025FY,ALL_MES,2025
235,2048fy,2048FY,2048,65126,false,2048,,2048FY,2048FY,ALL_MES,2048
250,2036fy,2036FY,2036,65126,false,2036,,2036FY,2036FY,ALL_MES,2036
253,2013fy,2013FY,2013,65126,false,2013,,2013FY,2013FY,ALL_MES,2013
271,2047fy,2047FY,2047,65126,false,2047,,2047FY,2047FY,ALL_MES,2047
273,2024fy,2024FY,2024,65126,false,2024,,2024FY,2024FY,ALL_MES,2024
290,2035fy,2035FY,2035,65126,false,2035,,2035FY,2035FY,ALL_MES,2035
308,2023fy,2023FY,2023,65126,false,2023,,2023FY,2023FY,ALL_MES,2023
309,2046fy,2046FY,2046,65126,false,2046,,2046FY,2046FY,ALL_MES,2046
325,2034fy,2034FY,2034,65126,false,2034,,2034FY,2034FY,ALL_MES,2034
327,2057fy,2057FY,2057,65126,false,2057,,2057FY,2057FY,ALL_MES,2057
349,2045fy,2045FY,2045,65126,false,2045,,2045FY,2045FY,ALL_MES,2045
351,2022fy,2022FY,2022,65126,false,2022,,2022FY,2022FY,ALL_MES,2022
365,2056fy,2056FY,2056,65126,false,2056,,2056FY,2056FY,ALL_MES,2056
367,2033fy,2033FY,2033,65126,false,2033,,2033FY,2033FY,ALL_MES,2033
382,2021fy,2021FY,2021,65126,false,2021,,2021FY,2021FY,ALL_MES,2021
383,2044fy,2044FY,2044,65126,false,2044,,2044FY,2044FY,ALL_MES,2044
401,2032fy,2032FY,2032,65126,false,2032,,2032FY,2032FY,ALL_MES,2032
402,2055fy,2055FY,2055,65126,false,2055,,2055FY,2055FY,ALL_MES,2055
404,2020fy,2020FY,2020,65126,false,2020,,2020FY,2020FY,ALL_MES,2020
412,mes_root,MES_Root,MES (Root),65126,false,MES (Root),,MES_Root,,MES_Root,
425,2043fy,2043FY,2043,65126,false,2043,,2043FY,2043FY,ALL_MES,2043
426,2031fy,2031FY,2031,65126,false,2031,,2031FY,2031FY,ALL_MES,2031
441,2054fy,2054FY,2054,65126,false,2054,,2054FY,2054FY,ALL_MES,2054
442,2042fy,2042FY,2042,65126,false,2042,,2042FY,2042FY,ALL_MES,2042
464,2030fy,2030FY,2030,65126,false,2030,,2030FY,2030FY,ALL_MES,2030
466,2053fy,2053FY,2053,65126,false,2053,,2053FY,2053FY,ALL_MES,2053
482,2041fy,2041FY,2041,65126,false,2041,,2041FY,2041FY,ALL_MES,2041
501,2052fy,2052FY,2052,65126,false,2052,,2052FY,2052FY,ALL_MES,2052
518,2040fy,2040FY,2040,65126,false,2040,,2040FY,2040FY,ALL_MES,2040
542,2051fy,2051FY,2051,65126,false,2051,,2051FY,2051FY,ALL_MES,2051
574,2050fy,2050FY,2050,65126,false,2050,,2050FY,2050FY,ALL_MES,2050
1,20430800,20430800,Aou-2043,65126,false,Aou-2043,,20430800,,2043FY,20430800
2,20210500,20210500,Mai-2021,65126,false,Mai-2021,,20210500,,2021FY,20210500
3,20401000,20401000,Oct-2040,65126,false,Oct-2040,,20401000,,2040FY,20401000
4,20151200,20151200,Dec-2015,65126,false,Dec-2015,,20151200,,2015FY,20151200
5,20350800,20350800,Aou-2035,65126,false,Aou-2035,,20350800,,2035FY,20350800
6,20311200,20311200,Dec-2031,65126,false,Dec-2031,X,20311200,,2031FY,20311200
7,20520600,20520600,Jun-2052,65126,false,Jun-2052,,20520600,,2052FY,20520600
8,20130500,20130500,Mai-2013,65126,false,Mai-2013,,20130500,,2013FY,20130500
9,20220300,20220300,Mar-2022,65126,false,Mar-2022,,20220300,,2022FY,20220300
10,20161000,20161000,Oct-2016,65126,false,Oct-2016,,20161000,,2016FY,20161000
11,20440600,20440600,Jun-2044,65126,false,Jun-2044,,20440600,,2044FY,20440600
12,20140300,20140300,Mar-2014,65126,false,Mar-2014,,20140300,,2014FY,20140300
13,20190800,20190800,Aou-2019,65126,false,Aou-2019,,20190800,,2019FY,20190800
14,20540100,20540100,Jan-2054,65126,false,Jan-2054,,20540100,,2054FY,20540100
15,20360600,20360600,Jun-2036,65126,false,Jun-2036,,20360600,,2036FY,20360600
16,20530400,20530400,Avr-2053,65126,false,Avr-2053,,20530400,,2053FY,20530400
17,20230100,20230100,Jan-2023,65126,false,Jan-2023,,20230100,,2023FY,20230100
18,20270800,20270800,Aou-2027,65126,false,Aou-2027,,20270800,,2027FY,20270800
19,20471100,20471100,Nov-2047,65126,false,Nov-2047,,20471100,,2047FY,20471100
20,20450400,20450400,Avr-2045,65126,false,Avr-2045,,20450400,,2045FY,20450400
21,20391100,20391100,Nov-2039,65126,false,Nov-2039,,20391100,,2039FY,20391100
22,20551000,20551000,Oct-2055,65126,false,Oct-2055,,20551000,,2055FY,20551000
23,20280600,20280600,Jun-2028,65126,false,Jun-2028,,20280600,,2028FY,20280600
24,20310100,20310100,Jan-2031,65126,false,Jan-2031,,20310100,,2031FY,20310100
25,20370300,20370300,Mar-2037,65126,false,Mar-2037,,20370300,,2037FY,20370300
26,20460200,20460200,Fev-2046,65126,false,Fev-2046,,20460200,,2046FY,20460200
28,20241000,20241000,Oct-2024,65126,false,Oct-2024,,20241000,,2024FY,20241000
29,20541200,20541200,Dec-2054,65126,false,Dec-2054,X,20541200,,2054FY,20541200
30,20300300,20300300,Mar-2030,65126,false,Mar-2030,,20300300,,2030FY,20300300
31,20200800,20200800,Aou-2020,65126,false,Aou-2020,,20200800,,2020FY,20200800
32,20290400,20290400,Avr-2029,65126,false,Avr-2029,,20290400,,2029FY,20290400
33,20380100,20380100,Jan-2038,65126,false,Jan-2038,,20380100,,2038FY,20380100
34,20231200,20231200,Dec-2023,65126,false,Dec-2023,X,20231200,,2023FY,20231200
35,20510800,20510800,Aou-2051,65126,false,Aou-2051,,20510800,,2051FY,20510800
36,20430900,20430900,Sep-2043,65126,false,Sep-2043,,20430900,,2043FY,20430900
37,20210600,20210600,Jun-2021,65126,false,Jun-2021,,20210600,,2021FY,20210600
38,20340900,20340900,Sep-2034,65126,false,Sep-2034,,20340900,,2034FY,20340900
39,20350700,20350700,Jul-2035,65126,false,Jul-2035,,20350700,,2035FY,20350700
40,20241100,20241100,Nov-2024,65126,false,Nov-2024,,20241100,,2024FY,20241100
41,20130400,20130400,Avr-2013,65126,false,Avr-2013,,20130400,,2013FY,20130400
42,20260900,20260900,Sep-2026,65126,false,Sep-2026,,20260900,,2026FY,20260900
43,20220400,20220400,Avr-2022,65126,false,Avr-2022,,20220400,,2022FY,20220400
44,20520700,20520700,Jul-2052,65126,false,Jul-2052,,20520700,,2052FY,20520700
45,20161100,20161100,Nov-2016,65126,false,Nov-2016,,20161100,,2016FY,20161100
46,20440700,20440700,Jul-2044,65126,false,Jul-2044,,20440700,,2044FY,20440700
47,20190900,20190900,Sep-2019,65126,false,Sep-2019,,20190900,,2019FY,20190900
48,20140200,20140200,Fev-2014,65126,false,Fev-2014,,20140200,,2014FY,20140200
49,20360500,20360500,Mai-2036,65126,false,Mai-2036,,20360500,,2036FY,20360500
50,20230200,20230200,Fev-2023,65126,false,Fev-2023,,20230200,,2023FY,20230200
51,20471200,20471200,Dec-2047,65126,false,Dec-2047,X,20471200,,2047FY,20471200
52,20530500,20530500,Mai-2053,65126,false,Mai-2053,,20530500,,2053FY,20530500
53,20270700,20270700,Jul-2027,65126,false,Jul-2027,,20270700,,2027FY,20270700
54,20391200,20391200,Dec-2039,65126,false,Dec-2039,X,20391200,,2039FY,20391200
55,20150100,20150100,Jan-2015,65126,false,Jan-2015,,20150100,,2015FY,20150100
56,20450500,20450500,Mai-2045,65126,false,Mai-2045,,20450500,,2045FY,20450500
57,20310200,20310200,Fev-2031,65126,false,Fev-2031,,20310200,,2031FY,20310200
58,20280500,20280500,Mai-2028,65126,false,Mai-2028,,20280500,,2028FY,20280500
59,20370400,20370400,Avr-2037,65126,false,Avr-2037,,20370400,,2037FY,20370400
60,20200700,20200700,Jul-2020,65126,false,Jul-2020,,20200700,,2020FY,20200700
61,20460300,20460300,Mar-2046,65126,false,Mar-2046,,20460300,,2046FY,20460300
63,20300400,20300400,Avr-2030,65126,false,Avr-2030,,20300400,,2030FY,20300400
64,20541100,20541100,Nov-2054,65126,false,Nov-2054,,20541100,,2054FY,20541100
65,20290300,20290300,Mar-2029,65126,false,Mar-2029,,20290300,,2029FY,20290300
66,20510900,20510900,Sep-2051,65126,false,Sep-2051,,20510900,,2051FY,20510900
67,20380200,20380200,Fev-2038,65126,false,Fev-2038,,20380200,,2038FY,20380200
68,20470100,20470100,Jan-2047,65126,false,Jan-2047,,20470100,,2047FY,20470100
69,20210300,20210300,Mar-2021,65126,false,Mar-2021,,20210300,,2021FY,20210300
70,20231000,20231000,Oct-2023,65126,false,Oct-2023,,20231000,,2023FY,20231000
71,20401200,20401200,Dec-2040,65126,false,Dec-2040,X,20401200,,2040FY,20401200
72,20340800,20340800,Aou-2034,65126,false,Aou-2034,,20340800,,2034FY,20340800
73,20550100,20550100,Jan-2055,65126,false,Jan-2055,,20550100,,2055FY,20550100
74,20300500,20300500,Mai-2030,65126,false,Mai-2030,,20300500,,2030FY,20300500
75,20350600,20350600,Jun-2035,65126,false,Jun-2035,,20350600,,2035FY,20350600
76,20130700,20130700,Jul-2013,65126,false,Jul-2013,,20130700,,2013FY,20130700
77,20140500,20140500,Mai-2014,65126,false,Mai-2014,,20140500,,2014FY,20140500
78,20221200,20221200,Dec-2022,65126,false,Dec-2022,X,20221200,,2022FY,20221200
79,20440800,20440800,Aou-2044,65126,false,Aou-2044,,20440800,,2044FY,20440800
81,20161200,20161200,Dec-2016,65126,false,Dec-2016,,20161200,,2016FY,20161200
82,20490900,20490900,Sep-2049,65126,false,Sep-2049,,20490900,,2049FY,20490900
83,20561000,20561000,Oct-2056,65126,false,Oct-2056,,20561000,,2056FY,20561000
84,20360400,20360400,Avr-2036,65126,false,Avr-2036,,20360400,,2036FY,20360400
85,20381100,20381100,Nov-2038,65126,false,Nov-2038,,20381100,,2038FY,20381100
86,20150200,20150200,Fev-2015,65126,false,Fev-2015,,20150200,,2015FY,20150200
87,20171000,20171000,Oct-2017,65126,false,Oct-2017,,20171000,,2017FY,20171000
88,20530200,20530200,Fev-2053,65126,false,Fev-2053,,20530200,,2053FY,20530200
89,20450600,20450600,Jun-2045,65126,false,Jun-2045,,20450600,,2045FY,20450600
90,20551200,20551200,Dec-2055,65126,false,Dec-2055,X,20551200,,2055FY,20551200
91,20310300,20310300,Mar-2031,65126,false,Mar-2031,,20310300,,2031FY,20310300
92,20370100,20370100,Jan-2037,65126,false,Jan-2037,,20370100,,2037FY,20370100
93,20540300,20540300,Mar-2054,65126,false,Mar-2054,,20540300,,2054FY,20540300
94,20280800,20280800,Aou-2028,65126,false,Aou-2028,,20280800,,2028FY,20280800
95,20500800,20500800,Aou-2050,65126,false,Aou-2050,,20500800,,2050FY,20500800
96,20200600,20200600,Jun-2020,65126,false,Jun-2020,,20200600,,2020FY,20200600
97,20411000,20411000,Oct-2041,65126,false,Oct-2041,,20411000,,2041FY,20411000
98,20520400,20520400,Avr-2052,65126,false,Avr-2052,,20520400,,2052FY,20520400
99,20460400,20460400,Avr-2046,65126,false,Avr-2046,,20460400,,2046FY,20460400
100,20290600,20290600,Jun-2029,65126,false,Jun-2029,,20290600,,2029FY,20290600
102,20470200,20470200,Fev-2047,65126,false,Fev-2047,,20470200,,2047FY,20470200
103,20210200,20210200,Fev-2021,65126,false,Fev-2021,,20210200,,2021FY,20210200
104,20510600,20510600,Jun-2051,65126,false,Jun-2051,,20510600,,2051FY,20510600
105,20210400,20210400,Avr-2021,65126,false,Avr-2021,,20210400,,2021FY,20210400
106,20231100,20231100,Nov-2023,65126,false,Nov-2023,,20231100,,2023FY,20231100
107,20340700,20340700,Jul-2034,65126,false,Jul-2034,,20340700,,2034FY,20340700
108,20401100,20401100,Nov-2040,65126,false,Nov-2040,,20401100,,2040FY,20401100
109,20300600,20300600,Jun-2030,65126,false,Jun-2030,,20300600,,2030FY,20300600
110,20350500,20350500,Mai-2035,65126,false,Mai-2035,,20350500,,2035FY,20350500
111,20520500,20520500,Mai-2052,65126,false,Mai-2052,,20520500,,2052FY,20520500
112,20130600,20130600,Jun-2013,65126,false,Jun-2013,,20130600,,2013FY,20130600
113,20220200,20220200,Fev-2022,65126,false,Fev-2022,,20220200,,2022FY,20220200
114,20490800,20490800,Aou-2049,65126,false,Aou-2049,,20490800,,2049FY,20490800
115,20440900,20440900,Sep-2044,65126,false,Sep-2044,,20440900,,2044FY,20440900
116,20140400,20140400,Avr-2014,65126,false,Avr-2014,,20140400,,2014FY,20140400
117,20540200,20540200,Fev-2054,65126,false,Fev-2054,,20540200,,2054FY,20540200
118,20310400,20310400,Avr-2031,65126,false,Avr-2031,,20310400,,2031FY,20310400
119,20360300,20360300,Mar-2036,65126,false,Mar-2036,,20360300,,2036FY,20360300
120,20270900,20270900,Sep-2027,65126,false,Sep-2027,,20270900,,2027FY,20270900
122,20381200,20381200,Dec-2038,65126,false,Dec-2038,X,20381200,,2038FY,20381200
123,20150300,20150300,Mar-2015,65126,false,Mar-2015,,20150300,,2015FY,20150300
124,20391000,20391000,Oct-2039,65126,false,Oct-2039,,20391000,,2039FY,20391000
125,20530300,20530300,Mar-2053,65126,false,Mar-2053,,20530300,,2053FY,20530300
126,20171100,20171100,Nov-2017,65126,false,Nov-2017,,20171100,,2017FY,20171100
127,20450700,20450700,Jul-2045,65126,false,Jul-2045,,20450700,,2045FY,20450700
128,20551100,20551100,Nov-2055,65126,false,Nov-2055,,20551100,,2055FY,20551100
129,20280700,20280700,Jul-2028,65126,false,Jul-2028,,20280700,,2028FY,20280700
130,20370200,20370200,Fev-2037,65126,false,Fev-2037,,20370200,,2037FY,20370200
131,20220100,20220100,Jan-2022,65126,false,Jan-2022,,20220100,,2022FY,20220100
132,20200500,20200500,Mai-2020,65126,false,Mai-2020,,20200500,,2020FY,20200500
133,20500900,20500900,Sep-2050,65126,false,Sep-2050,,20500900,,2050FY,20500900
134,20460500,20460500,Mai-2046,65126,false,Mai-2046,,20460500,,2046FY,20460500
135,20330900,20330900,Sep-2033,65126,false,Sep-2033,,20330900,,2033FY,20330900
136,20160100,20160100,Jan-2016,65126,false,Jan-2016,,20160100,,2016FY,20160100
137,20290500,20290500,Mai-2029,65126,false,Mai-2029,,20290500,,2029FY,20290500
140,20470300,20470300,Mar-2047,65126,false,Mar-2047,,20470300,,2047FY,20470300
141,20510700,20510700,Jul-2051,65126,false,Jul-2051,,20510700,,2051FY,20510700
142,20531100,20531100,Nov-2053,65126,false,Nov-2053,,20531100,,2053FY,20531100
143,20130900,20130900,Sep-2013,65126,false,Sep-2013,,20130900,,2013FY,20130900
144,20390300,20390300,Mar-2039,65126,false,Mar-2039,,20390300,,2039FY,20390300
145,20510400,20510400,Avr-2051,65126,false,Avr-2051,,20510400,,2051FY,20510400
146,20430400,20430400,Avr-2043,65126,false,Avr-2043,,20430400,,2043FY,20430400
147,20210900,20210900,Sep-2021,65126,false,Sep-2021,,20210900,,2021FY,20210900
148,20220700,20220700,Jul-2022,65126,false,Jul-2022,,20220700,,2022FY,20220700
149,20480100,20480100,Jan-2048,65126,false,Jan-2048,,20480100,,2048FY,20480100
150,20500600,20500600,Jun-2050,65126,false,Jun-2050,,20500600,,2050FY,20500600
151,20560900,20560900,Sep-2056,65126,false,Sep-2056,,20560900,,2056FY,20560900
152,20301000,20301000,Oct-2030,65126,false,Oct-2030,,20301000,,2030FY,20301000
153,20570700,20570700,Jul-2057,65126,false,Jul-2057,,20570700,,2057FY,20570700
154,20440200,20440200,Fev-2044,65126,false,Fev-2044,,20440200,,2044FY,20440200
155,20251200,20251200,Dec-2025,65126,false,Dec-2025,X,20251200,,2025FY,20251200
157,20230500,20230500,Mai-2023,65126,false,Mai-2023,,20230500,,2023FY,20230500
158,20320200,20320200,Fev-2032,65126,false,Fev-2032,,20320200,,2032FY,20320200
159,20140700,20140700,Jul-2014,65126,false,Jul-2014,,20140700,,2014FY,20140700
160,20150400,20150400,Avr-2015,65126,false,Avr-2015,,20150400,,2015FY,20150400
161,20370700,20370700,Jul-2037,65126,false,Jul-2037,,20370700,,2037FY,20370700
162,20171200,20171200,Dec-2017,65126,false,Dec-2017,X,20171200,,2017FY,20171200
163,20240300,20240300,Mar-2024,65126,false,Mar-2024,,20240300,,2024FY,20240300
164,20440100,20440100,Jan-2044,65126,false,Jan-2044,,20440100,,2044FY,20440100
165,20181000,20181000,Oct-2018,65126,false,Oct-2018,,20181000,,2018FY,20181000
166,20331100,20331100,Nov-2033,65126,false,Nov-2033,,20331100,,2033FY,20331100
167,20481200,20481200,Dec-2048,65126,false,Dec-2048,X,20481200,,2048FY,20481200
168,20410900,20410900,Sep-2041,65126,false,Sep-2041,,20410900,,2041FY,20410900
169,20380500,20380500,Mai-2038,65126,false,Mai-2038,,20380500,,2038FY,20380500
170,20520200,20520200,Fev-2052,65126,false,Fev-2052,,20520200,,2052FY,20520200
171,20160200,20160200,Fev-2016,65126,false,Fev-2016,,20160200,,2016FY,20160200
174,20420700,20420700,Jul-2042,65126,false,Jul-2042,,20420700,,2042FY,20420700
175,20250100,20250100,Jan-2025,65126,false,Jan-2025,,20250100,,2025FY,20250100
176,20451100,20451100,Nov-2045,65126,false,Nov-2045,,20451100,,2045FY,20451100
177,20491000,20491000,Oct-2049,65126,false,Oct-2049,,20491000,,2049FY,20491000
178,20290800,20290800,Aou-2029,65126,false,Aou-2029,,20290800,,2029FY,20290800
179,20130800,20130800,Aou-2013,65126,false,Aou-2013,,20130800,,2013FY,20130800
180,20510500,20510500,Mai-2051,65126,false,Mai-2051,,20510500,,2051FY,20510500
181,20531200,20531200,Dec-2053,65126,false,Dec-2053,X,20531200,,2053FY,20531200
182,20560800,20560800,Aou-2056,65126,false,Aou-2056,,20560800,,2056FY,20560800
183,20451200,20451200,Dec-2045,65126,false,Dec-2045,X,20451200,,2045FY,20451200
184,20170100,20170100,Jan-2017,65126,false,Jan-2017,,20170100,,2017FY,20170100
185,20430500,20430500,Mai-2043,65126,false,Mai-2043,,20430500,,2043FY,20430500
186,20220800,20220800,Aou-2022,65126,false,Aou-2022,,20220800,,2022FY,20220800
187,20390400,20390400,Avr-2039,65126,false,Avr-2039,,20390400,,2039FY,20390400
188,20140600,20140600,Jun-2014,65126,false,Jun-2014,,20140600,,2014FY,20140600
189,20570600,20570600,Jun-2057,65126,false,Jun-2057,,20570600,,2057FY,20570600
190,20301100,20301100,Nov-2030,65126,false,Nov-2030,,20301100,,2030FY,20301100
191,20440300,20440300,Mar-2044,65126,false,Mar-2044,,20440300,,2044FY,20440300
192,20360900,20360900,Sep-2036,65126,false,Sep-2036,,20360900,,2036FY,20360900
193,20230600,20230600,Jun-2023,65126,false,Jun-2023,,20230600,,2023FY,20230600
195,20320100,20320100,Jan-2032,65126,false,Jan-2032,,20320100,,2032FY,20320100
197,20370800,20370800,Aou-2037,65126,false,Aou-2037,,20370800,,2037FY,20370800
198,20150500,20150500,Mai-2015,65126,false,Mai-2015,,20150500,,2015FY,20150500
199,20450100,20450100,Jan-2045,65126,false,Jan-2045,,20450100,,2045FY,20450100
200,20530100,20530100,Jan-2053,65126,false,Jan-2053,,20530100,,2053FY,20530100
201,20410800,20410800,Aou-2041,65126,false,Aou-2041,,20410800,,2041FY,20410800
202,20280900,20280900,Sep-2028,65126,false,Sep-2028,,20280900,,2028FY,20280900
203,20181100,20181100,Nov-2018,65126,false,Nov-2018,,20181100,,2018FY,20181100
204,20481100,20481100,Nov-2048,65126,false,Nov-2048,,20481100,,2048FY,20481100
205,20461000,20461000,Oct-2046,65126,false,Oct-2046,,20461000,,2046FY,20461000
206,20240400,20240400,Avr-2024,65126,false,Avr-2024,,20240400,,2024FY,20240400
207,20331000,20331000,Oct-2033,65126,false,Oct-2033,,20331000,,2033FY,20331000
208,20380600,20380600,Jun-2038,65126,false,Jun-2038,,20380600,,2038FY,20380600
209,20500700,20500700,Jul-2050,65126,false,Jul-2050,,20500700,,2050FY,20500700
210,20520300,20520300,Mar-2052,65126,false,Mar-2052,,20520300,,2052FY,20520300
211,20160300,20160300,Mar-2016,65126,false,Mar-2016,,20160300,,2016FY,20160300
213,20250200,20250200,Fev-2025,65126,false,Fev-2025,,20250200,,2025FY,20250200
214,20321200,20321200,Dec-2032,65126,false,Dec-2032,X,20321200,,2032FY,20321200
216,20420600,20420600,Jun-2042,65126,false,Jun-2042,,20420600,,2042FY,20420600
218,20290700,20290700,Jul-2029,65126,false,Jul-2029,,20290700,,2029FY,20290700
219,20390100,20390100,Jan-2039,65126,false,Jan-2039,,20390100,,2039FY,20390100
220,20510200,20510200,Fev-2051,65126,false,Fev-2051,,20510200,,2051FY,20510200
221,20430600,20430600,Jun-2043,65126,false,Jun-2043,,20430600,,2043FY,20430600
222,20210700,20210700,Jul-2021,65126,false,Jul-2021,,20210700,,2021FY,20210700
223,20170200,20170200,Fev-2017,65126,false,Fev-2017,,20170200,,2017FY,20170200
224,20241200,20241200,Dec-2024,65126,false,Dec-2024,X,20241200,,2024FY,20241200
225,20220500,20220500,Mai-2022,65126,false,Mai-2022,,20220500,,2022FY,20220500
226,20500400,20500400,Avr-2050,65126,false,Avr-2050,,20500400,,2050FY,20500400
227,20311000,20311000,Oct-2031,65126,false,Oct-2031,,20311000,,2031FY,20311000
228,20461100,20461100,Nov-2046,65126,false,Nov-2046,,20461100,,2046FY,20461100
229,20301200,20301200,Dec-2030,65126,false,Dec-2030,X,20301200,,2030FY,20301200
230,20360800,20360800,Aou-2036,65126,false,Aou-2036,,20360800,,2036FY,20360800
231,20521100,20521100,Nov-2052,65126,false,Nov-2052,,20521100,,2052FY,20521100
232,20440400,20440400,Avr-2044,65126,false,Avr-2044,,20440400,,2044FY,20440400
234,20251000,20251000,Oct-2025,65126,false,Oct-2025,,20251000,,2025FY,20251000
236,20140900,20140900,Sep-2014,65126,false,Sep-2014,,20140900,,2014FY,20140900
237,20570900,20570900,Sep-2057,65126,false,Sep-2057,,20570900,,2057FY,20570900
238,20230300,20230300,Mar-2023,65126,false,Mar-2023,,20230300,,2023FY,20230300
239,20450200,20450200,Fev-2045,65126,false,Fev-2045,,20450200,,2045FY,20450200
240,20181200,20181200,Dec-2018,65126,false,Dec-2018,X,20181200,,2018FY,20181200
241,20240100,20240100,Jan-2024,65126,false,Jan-2024,,20240100,,2024FY,20240100
242,20261100,20261100,Nov-2026,65126,false,Nov-2026,,20261100,,2026FY,20261100
243,20150600,20150600,Jun-2015,65126,false,Jun-2015,,20150600,,2015FY,20150600
244,20370500,20370500,Mai-2037,65126,false,Mai-2037,,20370500,,2037FY,20370500
245,20481000,20481000,Oct-2048,65126,false,Oct-2048,,20481000,,2048FY,20481000
246,20160400,20160400,Avr-2016,65126,false,Avr-2016,,20160400,,2016FY,20160400
247,20541000,20541000,Oct-2054,65126,false,Oct-2054,,20541000,,2054FY,20541000
248,20191000,20191000,Oct-2019,65126,false,Oct-2019,,20191000,,2019FY,20191000
249,20321100,20321100,Nov-2032,65126,false,Nov-2032,,20321100,,2032FY,20321100
251,20300100,20300100,Jan-2030,65126,false,Jan-2030,,20300100,,2030FY,20300100
252,20420900,20420900,Sep-2042,65126,false,Sep-2042,,20420900,,2042FY,20420900
254,20380300,20380300,Mar-2038,65126,false,Mar-2038,,20380300,,2038FY,20380300
255,20390200,20390200,Fev-2039,65126,false,Fev-2039,,20390200,,2039FY,20390200
256,20510300,20510300,Mar-2051,65126,false,Mar-2051,,20510300,,2051FY,20510300
257,20430700,20430700,Jul-2043,65126,false,Jul-2043,,20430700,,2043FY,20430700
258,20210800,20210800,Aou-2021,65126,false,Aou-2021,,20210800,,2021FY,20210800
259,20170300,20170300,Mar-2017,65126,false,Mar-2017,,20170300,,2017FY,20170300
260,20350900,20350900,Sep-2035,65126,false,Sep-2035,,20350900,,2035FY,20350900
261,20531000,20531000,Oct-2053,65126,false,Oct-2053,,20531000,,2053FY,20531000
262,20180100,20180100,Jan-2018,65126,false,Jan-2018,,20180100,,2018FY,20180100
263,20311100,20311100,Nov-2031,65126,false,Nov-2031,,20311100,,2031FY,20311100
264,20220600,20220600,Jun-2022,65126,false,Jun-2022,,20220600,,2022FY,20220600
265,20500500,20500500,Mai-2050,65126,false,Mai-2050,,20500500,,2050FY,20500500
266,20461200,20461200,Dec-2046,65126,false,Dec-2046,X,20461200,,2046FY,20461200
267,20521200,20521200,Dec-2052,65126,false,Dec-2052,X,20521200,,2052FY,20521200
268,20360700,20360700,Jul-2036,65126,false,Jul-2036,,20360700,,2036FY,20360700
269,20440500,20440500,Mai-2044,65126,false,Mai-2044,,20440500,,2044FY,20440500
270,20251100,20251100,Nov-2025,65126,false,Nov-2025,,20251100,,2025FY,20251100
272,20570800,20570800,Aou-2057,65126,false,Aou-2057,,20570800,,2057FY,20570800
274,20230400,20230400,Avr-2023,65126,false,Avr-2023,,20230400,,2023FY,20230400
275,20140800,20140800,Aou-2014,65126,false,Aou-2014,,20140800,,2014FY,20140800
276,20471000,20471000,Oct-2047,65126,false,Oct-2047,,20471000,,2047FY,20471000
277,20450300,20450300,Mar-2045,65126,false,Mar-2045,,20450300,,2045FY,20450300
278,20370600,20370600,Jun-2037,65126,false,Jun-2037,,20370600,,2037FY,20370600
279,20240200,20240200,Fev-2024,65126,false,Fev-2024,,20240200,,2024FY,20240200
280,20261000,20261000,Oct-2026,65126,false,Oct-2026,,20261000,,2026FY,20261000
281,20150700,20150700,Jul-2015,65126,false,Jul-2015,,20150700,,2015FY,20150700
282,20460100,20460100,Jan-2046,65126,false,Jan-2046,,20460100,,2046FY,20460100
283,20520100,20520100,Jan-2052,65126,false,Jan-2052,,20520100,,2052FY,20520100
284,20300200,20300200,Fev-2030,65126,false,Fev-2030,,20300200,,2030FY,20300200
285,20200900,20200900,Sep-2020,65126,false,Sep-2020,,20200900,,2020FY,20200900
286,20321000,20321000,Oct-2032,65126,false,Oct-2032,,20321000,,2032FY,20321000
287,20160500,20160500,Mai-2016,65126,false,Mai-2016,,20160500,,2016FY,20160500
288,20191100,20191100,Nov-2019,65126,false,Nov-2019,,20191100,,2019FY,20191100
289,20290900,20290900,Sep-2029,65126,false,Sep-2029,,20290900,,2029FY,20290900
291,20420800,20420800,Aou-2042,65126,false,Aou-2042,,20420800,,2042FY,20420800
292,20380400,20380400,Avr-2038,65126,false,Avr-2038,,20380400,,2038FY,20380400
293,20340200,20340200,Fev-2034,65126,false,Fev-2034,,20340200,,2034FY,20340200
294,20560500,20560500,Mai-2056,65126,false,Mai-2056,,20560500,,2056FY,20560500
295,20260200,20260200,Fev-2026,65126,false,Fev-2026,,20260200,,2026FY,20260200
296,20420200,20420200,Fev-2042,65126,false,Fev-2042,,20420200,,2042FY,20420200
297,20170400,20170400,Avr-2017,65126,false,Avr-2017,,20170400,,2017FY,20170400
298,20180200,20180200,Fev-2018,65126,false,Fev-2018,,20180200,,2018FY,20180200
299,20480500,20480500,Mai-2048,65126,false,Mai-2048,,20480500,,2048FY,20480500
300,20500200,20500200,Fev-2050,65126,false,Fev-2050,,20500200,,2050FY,20500200
301,20390700,20390700,Jul-2039,65126,false,Jul-2039,,20390700,,2039FY,20390700
302,20310900,20310900,Sep-2031,65126,false,Sep-2031,,20310900,,2031FY,20310900
303,20230900,20230900,Sep-2023,65126,false,Sep-2023,,20230900,,2023FY,20230900
304,20410400,20410400,Avr-2041,65126,false,Avr-2041,,20410400,,2041FY,20410400
305,20570300,20570300,Mar-2057,65126,false,Mar-2057,,20570300,,2057FY,20570300
306,20431100,20431100,Nov-2043,65126,false,Nov-2043,,20431100,,2043FY,20431100
307,20511100,20511100,Nov-2051,65126,false,Nov-2051,,20511100,,2051FY,20511100
310,20400700,20400700,Jul-2040,65126,false,Jul-2040,,20400700,,2040FY,20400700
311,20490300,20490300,Mar-2049,65126,false,Mar-2049,,20490300,,2049FY,20490300
312,20320600,20320600,Jun-2032,65126,false,Jun-2032,,20320600,,2032FY,20320600
313,20410500,20410500,Mai-2041,65126,false,Mai-2041,,20410500,,2041FY,20410500
314,20240700,20240700,Jul-2024,65126,false,Jul-2024,,20240700,,2024FY,20240700
315,20540900,20540900,Sep-2054,65126,false,Sep-2054,,20540900,,2054FY,20540900
316,20150800,20150800,Aou-2015,65126,false,Aou-2015,,20150800,,2015FY,20150800
317,20201100,20201100,Nov-2020,65126,false,Nov-2020,,20201100,,2020FY,20201100
318,20351200,20351200,Dec-2035,65126,false,Dec-2035,X,20351200,,2035FY,20351200
319,20330400,20330400,Avr-2033,65126,false,Avr-2033,,20330400,,2033FY,20330400
320,20380900,20380900,Sep-2038,65126,false,Sep-2038,,20380900,,2038FY,20380900
321,20271100,20271100,Nov-2027,65126,false,Nov-2027,,20271100,,2027FY,20271100
322,20470800,20470800,Aou-2047,65126,false,Aou-2047,,20470800,,2047FY,20470800
323,20191200,20191200,Dec-2019,65126,false,Dec-2019,X,20191200,,2019FY,20191200
324,20160600,20160600,Jun-2016,65126,false,Jun-2016,,20160600,,2016FY,20160600
326,20361000,20361000,Oct-2036,65126,false,Oct-2036,,20361000,,2036FY,20361000
328,20550700,20550700,Jul-2055,65126,false,Jul-2055,,20550700,,2055FY,20550700
329,20250500,20250500,Mai-2025,65126,false,Mai-2025,,20250500,,2025FY,20250500
330,20340100,20340100,Jan-2034,65126,false,Jan-2034,,20340100,,2034FY,20340100
331,20260100,20260100,Jan-2026,65126,false,Jan-2026,,20260100,,2026FY,20260100
332,20420100,20420100,Jan-2042,65126,false,Jan-2042,,20420100,,2042FY,20420100
333,20510100,20510100,Jan-2051,65126,false,Jan-2051,,20510100,,2051FY,20510100
334,20560400,20560400,Avr-2056,65126,false,Avr-2056,,20560400,,2056FY,20560400
335,20180300,20180300,Mar-2018,65126,false,Mar-2018,,20180300,,2018FY,20180300
336,20170500,20170500,Mai-2017,65126,false,Mai-2017,,20170500,,2017FY,20170500
337,20441000,20441000,Oct-2044,65126,false,Oct-2044,,20441000,,2044FY,20441000
338,20390800,20390800,Aou-2039,65126,false,Aou-2039,,20390800,,2039FY,20390800
339,20480400,20480400,Avr-2048,65126,false,Avr-2048,,20480400,,2048FY,20480400
340,20500300,20500300,Mar-2050,65126,false,Mar-2050,,20500300,,2050FY,20500300
341,20351000,20351000,Oct-2035,65126,false,Oct-2035,,20351000,,2035FY,20351000
342,20410300,20410300,Mar-2041,65126,false,Mar-2041,,20410300,,2041FY,20410300
343,20521000,20521000,Oct-2052,65126,false,Oct-2052,,20521000,,2052FY,20521000
344,20570200,20570200,Fev-2057,65126,false,Fev-2057,,20570200,,2057FY,20570200
345,20431200,20431200,Dec-2043,65126,false,Dec-2043,X,20431200,,2043FY,20431200
346,20190100,20190100,Jan-2019,65126,false,Jan-2019,,20190100,,2019FY,20190100
347,20511200,20511200,Dec-2051,65126,false,Dec-2051,X,20511200,,2051FY,20511200
348,20400600,20400600,Jun-2040,65126,false,Jun-2040,,20400600,,2040FY,20400600
350,20490200,20490200,Fev-2049,65126,false,Fev-2049,,20490200,,2049FY,20490200
352,20240800,20240800,Aou-2024,65126,false,Aou-2024,,20240800,,2024FY,20240800
353,20400500,20400500,Mai-2040,65126,false,Mai-2040,,20400500,,2040FY,20400500
354,20320500,20320500,Mai-2032,65126,false,Mai-2032,,20320500,,2032FY,20320500
355,20201000,20201000,Oct-2020,65126,false,Oct-2020,,20201000,,2020FY,20201000
356,20261200,20261200,Dec-2026,65126,false,Dec-2026,X,20261200,,2026FY,20261200
357,20351100,20351100,Nov-2035,65126,false,Nov-2035,,20351100,,2035FY,20351100
358,20150900,20150900,Sep-2015,65126,false,Sep-2015,,20150900,,2015FY,20150900
359,20540800,20540800,Aou-2054,65126,false,Aou-2054,,20540800,,2054FY,20540800
360,20330300,20330300,Mar-2033,65126,false,Mar-2033,,20330300,,2033FY,20330300
361,20271000,20271000,Oct-2027,65126,false,Oct-2027,,20271000,,2027FY,20271000
362,20470900,20470900,Sep-2047,65126,false,Sep-2047,,20470900,,2047FY,20470900
363,20160700,20160700,Jul-2016,65126,false,Jul-2016,,20160700,,2016FY,20160700
364,20550600,20550600,Jun-2055,65126,false,Jun-2055,,20550600,,2055FY,20550600
366,20250600,20250600,Jun-2025,65126,false,Jun-2025,,20250600,,2025FY,20250600
368,20281100,20281100,Nov-2028,65126,false,Nov-2028,,20281100,,2028FY,20281100
369,20560700,20560700,Jul-2056,65126,false,Jul-2056,,20560700,,2056FY,20560700
370,20260400,20260400,Avr-2026,65126,false,Avr-2026,,20260400,,2026FY,20260400
371,20180400,20180400,Avr-2018,65126,false,Avr-2018,,20180400,,2018FY,20180400
372,20220900,20220900,Sep-2022,65126,false,Sep-2022,,20220900,,2022FY,20220900
373,20480300,20480300,Mar-2048,65126,false,Mar-2048,,20480300,,2048FY,20480300
374,20170600,20170600,Jun-2017,65126,false,Jun-2017,,20170600,,2017FY,20170600
375,20441100,20441100,Nov-2044,65126,false,Nov-2044,,20441100,,2044FY,20441100
376,20390500,20390500,Mai-2039,65126,false,Mai-2039,,20390500,,2039FY,20390500
377,20270200,20270200,Fev-2027,65126,false,Fev-2027,,20270200,,2027FY,20270200
378,20570500,20570500,Mai-2057,65126,false,Mai-2057,,20570500,,2057FY,20570500
379,20190200,20190200,Fev-2019,65126,false,Fev-2019,,20190200,,2019FY,20190200
380,20131000,20131000,Oct-2013,65126,false,Oct-2013,,20131000,,2013FY,20131000
381,20230700,20230700,Jul-2023,65126,false,Jul-2023,,20230700,,2023FY,20230700
384,20341100,20341100,Nov-2034,65126,false,Nov-2034,,20341100,,2034FY,20341100
385,20400900,20400900,Sep-2040,65126,false,Sep-2040,,20400900,,2040FY,20400900
386,20490100,20490100,Jan-2049,65126,false,Jan-2049,,20490100,,2049FY,20490100
387,20341200,20341200,Dec-2034,65126,false,Dec-2034,X,20341200,,2034FY,20341200
388,20370900,20370900,Sep-2037,65126,false,Sep-2037,,20370900,,2037FY,20370900
389,20320400,20320400,Avr-2032,65126,false,Avr-2032,,20320400,,2032FY,20320400
390,20131100,20131100,Nov-2013,65126,false,Nov-2013,,20131100,,2013FY,20131100
391,20410700,20410700,Jul-2041,65126,false,Jul-2041,,20410700,,2041FY,20410700
392,20501100,20501100,Nov-2050,65126,false,Nov-2050,,20501100,,2050FY,20501100
393,20240500,20240500,Mai-2024,65126,false,Mai-2024,,20240500,,2024FY,20240500
394,20330200,20330200,Fev-2033,65126,false,Fev-2033,,20330200,,2033FY,20330200
395,20380700,20380700,Jul-2038,65126,false,Jul-2038,,20380700,,2038FY,20380700
396,20420500,20420500,Mai-2042,65126,false,Mai-2042,,20420500,,2042FY,20420500
397,20491200,20491200,Dec-2049,65126,false,Dec-2049,X,20491200,,2049FY,20491200
398,20160800,20160800,Aou-2016,65126,false,Aou-2016,,20160800,,2016FY,20160800
399,20430100,20430100,Jan-2043,65126,false,Jan-2043,,20430100,,2043FY,20430100
400,20250300,20250300,Mar-2025,65126,false,Mar-2025,,20250300,,2025FY,20250300
403,20550900,20550900,Sep-2055,65126,false,Sep-2055,,20550900,,2055FY,20550900
405,20260300,20260300,Mar-2026,65126,false,Mar-2026,,20260300,,2026FY,20260300
406,20560600,20560600,Jun-2056,65126,false,Jun-2056,,20560600,,2056FY,20560600
407,20180500,20180500,Mai-2018,65126,false,Mai-2018,,20180500,,2018FY,20180500
408,20420300,20420300,Mar-2042,65126,false,Mar-2042,,20420300,,2042FY,20420300
409,20281000,20281000,Oct-2028,65126,false,Oct-2028,,20281000,,2028FY,20281000
410,20430300,20430300,Mar-2043,65126,false,Mar-2043,,20430300,,2043FY,20430300
411,20480200,20480200,Fev-2048,65126,false,Fev-2048,,20480200,,2048FY,20480200
413,20170700,20170700,Jul-2017,65126,false,Jul-2017,,20170700,,2017FY,20170700
414,20441200,20441200,Dec-2044,65126,false,Dec-2044,X,20441200,,2044FY,20441200
415,20500100,20500100,Jan-2050,65126,false,Jan-2050,,20500100,,2050FY,20500100
416,20390600,20390600,Jun-2039,65126,false,Jun-2039,,20390600,,2039FY,20390600
417,20330100,20330100,Jan-2033,65126,false,Jan-2033,,20330100,,2033FY,20330100
418,20570400,20570400,Avr-2057,65126,false,Avr-2057,,20570400,,2057FY,20570400
419,20270100,20270100,Jan-2027,65126,false,Jan-2027,,20270100,,2027FY,20270100
420,20190300,20190300,Mar-2019,65126,false,Mar-2019,,20190300,,2019FY,20190300
421,20511000,20511000,Oct-2051,65126,false,Oct-2051,,20511000,,2051FY,20511000
422,20230800,20230800,Aou-2023,65126,false,Aou-2023,,20230800,,2023FY,20230800
423,20341000,20341000,Oct-2034,65126,false,Oct-2034,,20341000,,2034FY,20341000
424,20400800,20400800,Aou-2040,65126,false,Aou-2040,,20400800,,2040FY,20400800
427,20320300,20320300,Mar-2032,65126,false,Mar-2032,,20320300,,2032FY,20320300
428,20501200,20501200,Dec-2050,65126,false,Dec-2050,X,20501200,,2050FY,20501200
429,20410600,20410600,Jun-2041,65126,false,Jun-2041,,20410600,,2041FY,20410600
430,20240600,20240600,Jun-2024,65126,false,Jun-2024,,20240600,,2024FY,20240600
431,20331200,20331200,Dec-2033,65126,false,Dec-2033,X,20331200,,2033FY,20331200
432,20271200,20271200,Dec-2027,65126,false,Dec-2027,X,20271200,,2027FY,20271200
433,20380800,20380800,Aou-2038,65126,false,Aou-2038,,20380800,,2038FY,20380800
434,20430200,20430200,Fev-2043,65126,false,Fev-2043,,20430200,,2043FY,20430200
435,20420400,20420400,Avr-2042,65126,false,Avr-2042,,20420400,,2042FY,20420400
436,20250400,20250400,Avr-2025,65126,false,Avr-2025,,20250400,,2025FY,20250400
437,20451000,20451000,Oct-2045,65126,false,Oct-2045,,20451000,,2045FY,20451000
438,20160900,20160900,Sep-2016,65126,false,Sep-2016,,20160900,,2016FY,20160900
439,20550800,20550800,Aou-2055,65126,false,Aou-2055,,20550800,,2055FY,20550800
440,20491100,20491100,Nov-2049,65126,false,Nov-2049,,20491100,,2049FY,20491100
443,20180600,20180600,Jun-2018,65126,false,Jun-2018,,20180600,,2018FY,20180600
444,20340600,20340600,Jun-2034,65126,false,Jun-2034,,20340600,,2034FY,20340600
445,20480900,20480900,Sep-2048,65126,false,Sep-2048,,20480900,,2048FY,20480900
446,20560100,20560100,Jan-2056,65126,false,Jan-2056,,20560100,,2056FY,20560100
447,20130100,20130100,Jan-2013,65126,false,Jan-2013,,20130100,,2013FY,20130100
448,20371100,20371100,Nov-2037,65126,false,Nov-2037,,20371100,,2037FY,20371100
449,20300700,20300700,Jul-2030,65126,false,Jul-2030,,20300700,,2030FY,20300700
450,20350400,20350400,Avr-2035,65126,false,Avr-2035,,20350400,,2035FY,20350400
451,20571000,20571000,Oct-2057,65126,false,Oct-2057,,20571000,,2057FY,20571000
452,20200300,20200300,Mar-2020,65126,false,Mar-2020,,20200300,,2020FY,20200300
453,20170800,20170800,Aou-2017,65126,false,Aou-2017,,20170800,,2017FY,20170800
454,20260600,20260600,Jun-2026,65126,false,Jun-2026,,20260600,,2026FY,20260600
455,20490700,20490700,Jul-2049,65126,false,Jul-2049,,20490700,,2049FY,20490700
456,20221000,20221000,Oct-2022,65126,false,Oct-2022,,20221000,,2022FY,20221000
457,20270400,20270400,Avr-2027,65126,false,Avr-2027,,20270400,,2027FY,20270400
458,20190400,20190400,Avr-2019,65126,false,Avr-2019,,20190400,,2019FY,20190400
459,20291100,20291100,Nov-2029,65126,false,Nov-2029,,20291100,,2029FY,20291100
460,20310500,20310500,Mai-2031,65126,false,Mai-2031,,20310500,,2031FY,20310500
461,20530800,20530800,Aou-2053,65126,false,Aou-2053,,20530800,,2053FY,20530800
462,20211200,20211200,Dec-2021,65126,false,Dec-2021,X,20211200,,2021FY,20211200
463,20360200,20360200,Fev-2036,65126,false,Fev-2036,,20360200,,2036FY,20360200
465,20400200,20400200,Fev-2040,65126,false,Fev-2040,,20400200,,2040FY,20400200
467,20421000,20421000,Oct-2042,65126,false,Oct-2042,,20421000,,2042FY,20421000
468,20450800,20450800,Aou-2045,65126,false,Aou-2045,,20450800,,2045FY,20450800
469,20280200,20280200,Fev-2028,65126,false,Fev-2028,,20280200,,2028FY,20280200
470,20540500,20540500,Mai-2054,65126,false,Mai-2054,,20540500,,2054FY,20540500
471,20200400,20200400,Avr-2020,65126,false,Avr-2020,,20200400,,2020FY,20200400
472,20250900,20250900,Sep-2025,65126,false,Sep-2025,,20250900,,2025FY,20250900
473,20330800,20330800,Aou-2033,65126,false,Aou-2033,,20330800,,2033FY,20330800
474,20571100,20571100,Nov-2057,65126,false,Nov-2057,,20571100,,2057FY,20571100
475,20141100,20141100,Nov-2014,65126,false,Nov-2014,,20141100,,2014FY,20141100
476,20411200,20411200,Dec-2041,65126,false,Dec-2041,X,20411200,,2041FY,20411200
477,20460600,20460600,Jun-2046,65126,false,Jun-2046,,20460600,,2046FY,20460600
478,20550300,20550300,Mar-2055,65126,false,Mar-2055,,20550300,,2055FY,20550300
479,20470400,20470400,Avr-2047,65126,false,Avr-2047,,20470400,,2047FY,20470400
480,20260500,20260500,Mai-2026,65126,false,Mai-2026,,20260500,,2026FY,20260500
481,20281200,20281200,Dec-2028,65126,false,Dec-2028,X,20281200,,2028FY,20281200
483,20180700,20180700,Jul-2018,65126,false,Jul-2018,,20180700,,2018FY,20180700
484,20340500,20340500,Mai-2034,65126,false,Mai-2034,,20340500,,2034FY,20340500
485,20480800,20480800,Aou-2048,65126,false,Aou-2048,,20480800,,2048FY,20480800
486,20371200,20371200,Dec-2037,65126,false,Dec-2037,X,20371200,,2037FY,20371200
487,20300800,20300800,Aou-2030,65126,false,Aou-2030,,20300800,,2030FY,20300800
488,20170900,20170900,Sep-2017,65126,false,Sep-2017,,20170900,,2017FY,20170900
489,20200200,20200200,Fev-2020,65126,false,Fev-2020,,20200200,,2020FY,20200200
490,20350300,20350300,Mar-2035,65126,false,Mar-2035,,20350300,,2035FY,20350300
491,20221100,20221100,Nov-2022,65126,false,Nov-2022,,20221100,,2022FY,20221100
492,20490600,20490600,Jun-2049,65126,false,Jun-2049,,20490600,,2049FY,20490600
493,20270300,20270300,Mar-2027,65126,false,Mar-2027,,20270300,,2027FY,20270300
494,20310600,20310600,Jun-2031,65126,false,Jun-2031,,20310600,,2031FY,20310600
495,20190500,20190500,Mai-2019,65126,false,Mai-2019,,20190500,,2019FY,20190500
496,20291000,20291000,Oct-2029,65126,false,Oct-2029,,20291000,,2029FY,20291000
497,20530900,20530900,Sep-2053,65126,false,Sep-2053,,20530900,,2053FY,20530900
498,20561100,20561100,Nov-2056,65126,false,Nov-2056,,20561100,,2056FY,20561100
499,20381000,20381000,Oct-2038,65126,false,Oct-2038,,20381000,,2038FY,20381000
500,20360100,20360100,Jan-2036,65126,false,Jan-2036,,20360100,,2036FY,20360100
502,20320900,20320900,Sep-2032,65126,false,Sep-2032,,20320900,,2032FY,20320900
503,20280100,20280100,Jan-2028,65126,false,Jan-2028,,20280100,,2028FY,20280100
504,20561200,20561200,Dec-2056,65126,false,Dec-2056,X,20561200,,2056FY,20561200
505,20400100,20400100,Jan-2040,65126,false,Jan-2040,,20400100,,2040FY,20400100
506,20131200,20131200,Dec-2013,65126,false,Dec-2013,,20131200,,2013FY,20131200
507,20501000,20501000,Oct-2050,65126,false,Oct-2050,,20501000,,2050FY,20501000
508,20450900,20450900,Sep-2045,65126,false,Sep-2045,,20450900,,2045FY,20450900
509,20540400,20540400,Avr-2054,65126,false,Avr-2054,,20540400,,2054FY,20540400
510,20411100,20411100,Nov-2041,65126,false,Nov-2041,,20411100,,2041FY,20411100
511,20460700,20460700,Jul-2046,65126,false,Jul-2046,,20460700,,2046FY,20460700
512,20141000,20141000,Oct-2014,65126,false,Oct-2014,,20141000,,2014FY,20141000
513,20330700,20330700,Jul-2033,65126,false,Jul-2033,,20330700,,2033FY,20330700
514,20550200,20550200,Fev-2055,65126,false,Fev-2055,,20550200,,2055FY,20550200
515,20470500,20470500,Mai-2047,65126,false,Mai-2047,,20470500,,2047FY,20470500
516,20210100,20210100,Jan-2021,65126,false,Jan-2021,,20210100,,2021FY,20210100
517,20180800,20180800,Aou-2018,65126,false,Aou-2018,,20180800,,2018FY,20180800
519,20340400,20340400,Avr-2034,65126,false,Avr-2034,,20340400,,2034FY,20340400
520,20151000,20151000,Oct-2015,65126,false,Oct-2015,,20151000,,2015FY,20151000
521,20480700,20480700,Jul-2048,65126,false,Jul-2048,,20480700,,2048FY,20480700
522,20560300,20560300,Mar-2056,65126,false,Mar-2056,,20560300,,2056FY,20560300
523,20130300,20130300,Mar-2013,65126,false,Mar-2013,,20130300,,2013FY,20130300
524,20390900,20390900,Sep-2039,65126,false,Sep-2039,,20390900,,2039FY,20390900
525,20300900,20300900,Sep-2030,65126,false,Sep-2030,,20300900,,2030FY,20300900
526,20350200,20350200,Fev-2035,65126,false,Fev-2035,,20350200,,2035FY,20350200
527,20260800,20260800,Aou-2026,65126,false,Aou-2026,,20260800,,2026FY,20260800
528,20200100,20200100,Jan-2020,65126,false,Jan-2020,,20200100,,2020FY,20200100
529,20520800,20520800,Aou-2052,65126,false,Aou-2052,,20520800,,2052FY,20520800
530,20190600,20190600,Jun-2019,65126,false,Jun-2019,,20190600,,2019FY,20190600
531,20490500,20490500,Mai-2049,65126,false,Mai-2049,,20490500,,2049FY,20490500
532,20140100,20140100,Jan-2014,65126,false,Jan-2014,,20140100,,2014FY,20140100
533,20310700,20310700,Jul-2031,65126,false,Jul-2031,,20310700,,2031FY,20310700
534,20570100,20570100,Jan-2057,65126,false,Jan-2057,,20570100,,2057FY,20570100
535,20410200,20410200,Fev-2041,65126,false,Fev-2041,,20410200,,2041FY,20410200
536,20270600,20270600,Jun-2027,65126,false,Jun-2027,,20270600,,2027FY,20270600
537,20211000,20211000,Oct-2021,65126,false,Oct-2021,,20211000,,2021FY,20211000
538,20530600,20530600,Jun-2053,65126,false,Jun-2053,,20530600,,2053FY,20530600
539,20320800,20320800,Aou-2032,65126,false,Aou-2032,,20320800,,2032FY,20320800
540,20240900,20240900,Sep-2024,65126,false,Sep-2024,,20240900,,2024FY,20240900
541,20400400,20400400,Avr-2040,65126,false,Avr-2040,,20400400,,2040FY,20400400
543,20421200,20421200,Dec-2042,65126,false,Dec-2042,X,20421200,,2042FY,20421200
544,20280400,20280400,Avr-2028,65126,false,Avr-2028,,20280400,,2028FY,20280400
545,20540700,20540700,Jul-2054,65126,false,Jul-2054,,20540700,,2054FY,20540700
546,20250700,20250700,Jul-2025,65126,false,Jul-2025,,20250700,,2025FY,20250700
547,20290200,20290200,Fev-2029,65126,false,Fev-2029,,20290200,,2029FY,20290200
548,20330600,20330600,Jun-2033,65126,false,Jun-2033,,20330600,,2033FY,20330600
549,20470600,20470600,Jun-2047,65126,false,Jun-2047,,20470600,,2047FY,20470600
550,20460800,20460800,Aou-2046,65126,false,Aou-2046,,20460800,,2046FY,20460800
551,20550500,20550500,Mai-2055,65126,false,Mai-2055,,20550500,,2055FY,20550500
552,20361200,20361200,Dec-2036,65126,false,Dec-2036,X,20361200,,2036FY,20361200
553,20180900,20180900,Sep-2018,65126,false,Sep-2018,,20180900,,2018FY,20180900
554,20340300,20340300,Mar-2034,65126,false,Mar-2034,,20340300,,2034FY,20340300
555,20480600,20480600,Jun-2048,65126,false,Jun-2048,,20480600,,2048FY,20480600
556,20151100,20151100,Nov-2015,65126,false,Nov-2015,,20151100,,2015FY,20151100
557,20560200,20560200,Fev-2056,65126,false,Fev-2056,,20560200,,2056FY,20560200
558,20520900,20520900,Sep-2052,65126,false,Sep-2052,,20520900,,2052FY,20520900
559,20130200,20130200,Fev-2013,65126,false,Fev-2013,,20130200,,2013FY,20130200
560,20371000,20371000,Oct-2037,65126,false,Oct-2037,,20371000,,2037FY,20371000
561,20260700,20260700,Jul-2026,65126,false,Jul-2026,,20260700,,2026FY,20260700
562,20350100,20350100,Jan-2035,65126,false,Jan-2035,,20350100,,2035FY,20350100
563,20190700,20190700,Jul-2019,65126,false,Jul-2019,,20190700,,2019FY,20190700
564,20310800,20310800,Aou-2031,65126,false,Aou-2031,,20310800,,2031FY,20310800
565,20291200,20291200,Dec-2029,65126,false,Dec-2029,X,20291200,,2029FY,20291200
566,20410100,20410100,Jan-2041,65126,false,Jan-2041,,20410100,,2041FY,20410100
567,20431000,20431000,Oct-2043,65126,false,Oct-2043,,20431000,,2043FY,20431000
568,20211100,20211100,Nov-2021,65126,false,Nov-2021,,20211100,,2021FY,20211100
569,20490400,20490400,Avr-2049,65126,false,Avr-2049,,20490400,,2049FY,20490400
570,20270500,20270500,Mai-2027,65126,false,Mai-2027,,20270500,,2027FY,20270500
571,20530700,20530700,Jul-2053,65126,false,Jul-2053,,20530700,,2053FY,20530700
572,20320700,20320700,Jul-2032,65126,false,Jul-2032,,20320700,,2032FY,20320700
573,20400300,20400300,Mar-2040,65126,false,Mar-2040,,20400300,,2040FY,20400300
575,20280300,20280300,Mar-2028,65126,false,Mar-2028,,20280300,,2028FY,20280300
576,20421100,20421100,Nov-2042,65126,false,Nov-2042,,20421100,,2042FY,20421100
577,20540600,20540600,Jun-2054,65126,false,Jun-2054,,20540600,,2054FY,20540600
578,20201200,20201200,Dec-2020,65126,false,Dec-2020,X,20201200,,2020FY,20201200
579,20250800,20250800,Aou-2025,65126,false,Aou-2025,,20250800,,2025FY,20250800
580,20330500,20330500,Mai-2033,65126,false,Mai-2033,,20330500,,2033FY,20330500
581,20141200,20141200,Dec-2014,65126,false,Dec-2014,,20141200,,2014FY,20141200
582,20571200,20571200,Dec-2057,65126,false,Dec-2057,X,20571200,,2057FY,20571200
583,20290100,20290100,Jan-2029,65126,false,Jan-2029,,20290100,,2029FY,20290100
584,20470700,20470700,Jul-2047,65126,false,Jul-2047,,20470700,,2047FY,20470700
585,20460900,20460900,Sep-2046,65126,false,Sep-2046,,20460900,,2046FY,20460900
586,20550400,20550400,Avr-2055,65126,false,Avr-2055,,20550400,,2055FY,20550400
587,20361100,20361100,Nov-2036,65126,false,Nov-2036,,20361100,,2036FY,20361100
588,2012fy,2012FY,2012,65126,false,2012,,2012FY,2012FY,ALL_MES,2012
589,20120200,20120200,Fev-2012,65126,false,Fev-2012,,20120200,,2012FY,
590,20120100,20120100,Jan-2012,65126,false,Jan-2012,,20120100,,2012FY,
591,20120300,20120300,Mar-2012,65126,false,Mar-2012,,20120300,,2012FY,
592,20120400,20120400,Avr-2012,65126,false,Avr-2012,,20120400,,2012FY,
593,20120500,20120500,Mai-2012,65126,false,Mai-2012,,20120500,,2012FY,
594,20120600,20120600,Jun-2012,65126,false,Jun-2012,,20120600,,2012FY,
595,20120700,20120700,Jul-2012,65126,false,Jul-2012,,20120700,,2012FY,
596,20120800,20120800,Aou-2012,65126,false,Aou-2012,,20120800,,2012FY,
597,20120900,20120900,Sep-2012,65126,false,Sep-2012,,20120900,,2012FY,
598,20121000,20121000,Oct-2012,65126,false,Oct-2012,,20121000,,2012FY,
599,20121100,20121100,Nov-2012,65126,false,Nov-2012,,20121100,,2012FY,
600,20121200,20121200,Dec-2012,65126,false,Dec-2012,,20121200,,2012FY,
601,2011fy,2011FY,2011,65126,false,2011,,2011FY,2011FY,ALL_MES,2011
602,20110200,20110200,Fev-2011,65126,false,Fev-2011,,20110200,,2011FY,
603,20110100,20110100,Jan-2011,65126,false,Jan-2011,,20110100,,2011FY,
604,20110300,20110300,Mar-2011,65126,false,Mar-2011,,20110300,,2011FY,
605,20110400,20110400,Avr-2011,65126,false,Avr-2011,,20110400,,2011FY,
606,20110500,20110500,Mai-2011,65126,false,Mai-2011,,20110500,,2011FY,
607,20110600,20110600,Jun-2011,65126,false,Jun-2011,,20110600,,2011FY,
608,20110700,20110700,Jul-2011,65126,false,Jul-2011,,20110700,,2011FY,
609,20110800,20110800,Aou-2011,65126,false,Aou-2011,,20110800,,2011FY,
610,20110900,20110900,Sep-2011,65126,false,Sep-2011,,20110900,,2011FY,
611,20111000,20111000,Oct-2011,65126,false,Oct-2011,,20111000,,2011FY,
612,20111100,20111100,Nov-2011,65126,false,Nov-2011,,20111100,,2011FY,
613,20111200,20111200,Dec-2011,65126,false,Dec-2011,,20111200,,2011FY,
614,2010fy,2010FY,2010,65126,false,2010,,2010FY,2010FY,ALL_MES,2010
615,20100200,20100200,Fev-2010,65126,false,Fev-2010,,20100200,,2010FY,
616,20100100,20100100,Jan-2010,65126,false,Jan-2010,,20100100,,2010FY,
617,20100300,20100300,Mar-2010,65126,false,Mar-2010,,20100300,,2010FY,
618,20100400,20100400,Avr-2010,65126,false,Avr-2010,,20100400,,2010FY,
619,20100500,20100500,Mai-2010,65126,false,Mai-2010,,20100500,,2010FY,
620,20100600,20100600,Jun-2010,65126,false,Jun-2010,,20100600,,2010FY,
621,20100700,20100700,Jul-2010,65126,false,Jul-2010,,20100700,,2010FY,
622,20100800,20100800,Aou-2010,65126,false,Aou-2010,,20100800,,2010FY,
623,20100900,20100900,Sep-2010,65126,false,Sep-2010,,20100900,,2010FY,
624,20101000,20101000,Oct-2010,65126,false,Oct-2010,,20101000,,2010FY,
625,20101100,20101100,Nov-2010,65126,false,Nov-2010,,20101100,,2010FY,
626,20101200,20101200,Dec-2010,65126,false,Dec-2010,,20101200,,2010FY,
627,2009fy,2009FY,2009,65126,false,2009,,2009FY,2009FY,ALL_MES,2009
628,20090200,20090200,Fev-2009,65126,false,Fev-2009,,20090200,,2009FY,
629,20090100,20090100,Jan-2009,65126,false,Jan-2009,,20090100,,2009FY,
630,20090300,20090300,Mar-2009,65126,false,Mar-2009,,20090300,,2009FY,
631,20090400,20090400,Avr-2009,65126,false,Avr-2009,,20090400,,2009FY,
632,20090500,20090500,Mai-2009,65126,false,Mai-2009,,20090500,,2009FY,
633,20090600,20090600,Jun-2009,65126,false,Jun-2009,,20090600,,2009FY,
634,20090700,20090700,Jul-2009,65126,false,Jul-2009,,20090700,,2009FY,
635,20090800,20090800,Aou-2009,65126,false,Aou-2009,,20090800,,2009FY,
636,20090900,20090900,Sep-2009,65126,false,Sep-2009,,20090900,,2009FY,
637,20091000,20091000,Oct-2009,65126,false,Oct-2009,,20091000,,2009FY,
638,20091100,20091100,Nov-2009,65126,false,Nov-2009,,20091100,,2009FY,
639,20091200,20091200,Dec-2009,65126,false,Dec-2009,,20091200,,2009FY,
640,2008fy,2008FY,2008,65126,false,2008,,2008FY,2008FY,ALL_MES,2008
641,20080200,20080200,Fev-2008,65126,false,Fev-2008,,20080200,,2008FY,
642,20080100,20080100,Jan-2008,65126,false,Jan-2008,,20080100,,2008FY,
643,20080300,20080300,Mar-2008,65126,false,Mar-2008,,20080300,,2008FY,
644,20080400,20080400,Avr-2008,65126,false,Avr-2008,,20080400,,2008FY,
645,20080500,20080500,Mai-2008,65126,false,Mai-2008,,20080500,,2008FY,
646,20080600,20080600,Jun-2008,65126,false,Jun-2008,,20080600,,2008FY,
647,20080700,20080700,Jul-2008,65126,false,Jul-2008,,20080700,,2008FY,
648,20080800,20080800,Aou-2008,65126,false,Aou-2008,,20080800,,2008FY,
649,20080900,20080900,Sep-2008,65126,false,Sep-2008,,20080900,,2008FY,
650,20081000,20081000,Oct-2008,65126,false,Oct-2008,,20081000,,2008FY,
651,20081100,20081100,Nov-2008,65126,false,Nov-2008,,20081100,,2008FY,
652,20081200,20081200,Dec-2008,65126,false,Dec-2008,,20081200,,2008FY,
